USE online_kursevi;

INSERT INTO `korisnik` VALUES ('anamarija.kovacevic768','Anamarija','Kovacevic','anamarija.kovacevic768@gmail.com'),('anamarija.maric146','Anamarija','Maric','anamarija.maric146@yahoo.com'),('anamarija.maric825','Anamarija','Maric','anamarija.maric825@yahoo.com'),('anamarija.mitic489','Anamarija','Mitic','anamarija.mitic489@hotmail.com'),('anamarija.petrovic500','Anamarija','Petrovic','anamarija.petrovic500@yahoo.com'),('anamarija.petrovic800','Anamarija','Petrovic','anamarija.petrovic800@yahoo.com'),('anamarija.popov557','Anamarija','Popov','anamarija.popov557@yahoo.com'),('anamarija.popovic697','Anamarija','Popovic','anamarija.popovic697@hotmail.com'),('anamarija.radonjic390','Anamarija','Radonjic','anamarija.radonjic390@hotmail.com'),('anamarija.radonjic930','Anamarija','Radonjic','anamarija.radonjic930@gmail.com'),('anamarija.ristic628','Anamarija','Ristic','anamarija.ristic628@gmail.com'),('anamarija.stankovic362','Anamarija','Stankovic','anamarija.stankovic362@gmail.com'),('anamarija.stankovic63','Anamarija','Stankovic','anamarija.stankovic63@gmail.com'),('anamarija.stankovic632','Anamarija','Stankovic','anamarija.stankovic632@yahoo.com'),('anamarija.stojadinovic85','Anamarija','Stojadinovic','anamarija.stojadinovic85@yahoo.com'),('anamarija.stojanovic220','Anamarija','Stojanovic','anamarija.stojanovic220@yahoo.com'),('anamarija.stojanovic663','Anamarija','Stojanovic','anamarija.stojanovic663@gmail.com'),('anamarija.zoric350','Anamarija','Zoric','anamarija.zoric350@gmail.com'),('anamarija.zoric779','Anamarija','Zoric','anamarija.zoric779@yahoo.com'),('andrija.kovacevic703','Andrija','Kovacevic','andrija.kovacevic703@hotmail.com'),('andrija.kovacevic727','Andrija','Kovacevic','andrija.kovacevic727@gmail.com'),('andrija.maric483','Andrija','Maric','andrija.maric483@gmail.com'),('andrija.markovic412','Andrija','Markovic','andrija.markovic412@hotmail.com'),('andrija.mitic794','Andrija','Mitic','andrija.mitic794@hotmail.com'),('andrija.popovic589','Andrija','Popovic','andrija.popovic589@hotmail.com'),('andrija.popovic876','Andrija','Popovic','andrija.popovic876@hotmail.com'),('andrija.popovic88','Andrija','Popovic','andrija.popovic88@hotmail.com'),('andrija.saric634','Andrija','Saric','andrija.saric634@yahoo.com'),('andrija.saric714','Andrija','Saric','andrija.saric714@hotmail.com'),('andrija.stefanovic481','Andrija','Stefanovic','andrija.stefanovic481@yahoo.com'),('andrija.stojadinovic559','Andrija','Stojadinovic','andrija.stojadinovic559@yahoo.com'),('dragan.markovic900','Dragan','Markovic','dragan.markovic900@gmail.com'),('dragan.mitic334','Dragan','Mitic','dragan.mitic334@gmail.com'),('dragan.mitic761','Dragan','Mitic','dragan.mitic761@gmail.com'),('dragan.popov479','Dragan','Popov','dragan.popov479@gmail.com'),('dragan.popovic773','Dragan','Popovic','dragan.popovic773@hotmail.com'),('dragan.radonjic633','Dragan','Radonjic','dragan.radonjic633@gmail.com'),('dragan.saric679','Dragan','Saric','dragan.saric679@gmail.com'),('dragan.stojadinovic278','Dragan','Stojadinovic','dragan.stojadinovic278@yahoo.com'),('dragan.todorovic666','Dragan','Todorovic','dragan.todorovic666@hotmail.com'),('dragana.markovic566','Dragana','Markovic','dragana.markovic566@hotmail.com'),('dragana.petrovic249','Dragana','Petrovic','dragana.petrovic249@yahoo.com'),('dragana.popov214','Dragana','Popov','dragana.popov214@yahoo.com'),('dragana.popovic758','Dragana','Popovic','dragana.popovic758@yahoo.com'),('dragana.radonjic166','Dragana','Radonjic','dragana.radonjic166@yahoo.com'),('dragana.radonjic349','Dragana','Radonjic','dragana.radonjic349@yahoo.com'),('dragana.saric20','Dragana','Saric','dragana.saric20@gmail.com'),('dragana.saric314','Dragana','Saric','dragana.saric314@gmail.com'),('dragana.stanojevic641','Dragana','Stanojevic','dragana.stanojevic641@yahoo.com'),('dragana.stefanovic182','Dragana','Stefanovic','dragana.stefanovic182@gmail.com'),('dragana.stefanovic379','Dragana','Stefanovic','dragana.stefanovic379@hotmail.com'),('dragana.stefanovic943','Dragana','Stefanovic','dragana.stefanovic943@hotmail.com'),('dragana.stojadinovic96','Dragana','Stojadinovic','dragana.stojadinovic96@hotmail.com'),('ivana.maric524','Ivana','Maric','ivana.maric524@yahoo.com'),('ivana.markovic554','Ivana','Markovic','ivana.markovic554@gmail.com'),('ivana.mitic748','Ivana','Mitic','ivana.mitic748@yahoo.com'),('ivana.petrovic578','Ivana','Petrovic','ivana.petrovic578@yahoo.com'),('ivana.petrovic740','Ivana','Petrovic','ivana.petrovic740@gmail.com'),('ivana.popovic74','Ivana','Popovic','ivana.popovic74@hotmail.com'),('ivana.stankovic209','Ivana','Stankovic','ivana.stankovic209@yahoo.com'),('ivana.stankovic444','Ivana','Stankovic','ivana.stankovic444@yahoo.com'),('ivana.stanojevic720','Ivana','Stanojevic','ivana.stanojevic720@hotmail.com'),('ivana.stanojevic934','Ivana','Stanojevic','ivana.stanojevic934@hotmail.com'),('ivana.stefanovic724','Ivana','Stefanovic','ivana.stefanovic724@gmail.com'),('ivana.stefanovic867','Ivana','Stefanovic','ivana.stefanovic867@gmail.com'),('ivana.stefanovic96','Ivana','Stefanovic','ivana.stefanovic96@yahoo.com'),('ivana.todorovic739','Ivana','Todorovic','ivana.todorovic739@yahoo.com'),('ivana.zoric125','Ivana','Zoric','ivana.zoric125@gmail.com'),('ivana.zoric223','Ivana','Zoric','ivana.zoric223@gmail.com'),('ivana.zoric607','Ivana','Zoric','ivana.zoric607@hotmail.com'),('marija.petrovic638','Marija','Petrovic','marija.petrovic638@hotmail.com'),('marija.popov192','Marija','Popov','marija.popov192@yahoo.com'),('marija.popov929','Marija','Popov','marija.popov929@hotmail.com'),('marija.popovic472','Marija','Popovic','marija.popovic472@gmail.com'),('marija.popovic805','Marija','Popovic','marija.popovic805@hotmail.com'),('marija.popovic817','Marija','Popovic','marija.popovic817@gmail.com'),('marija.radonjic639','Marija','Radonjic','marija.radonjic639@yahoo.com'),('marija.saric165','Marija','Saric','marija.saric165@yahoo.com'),('marija.saric407','Marija','Saric','marija.saric407@gmail.com'),('marija.saric981','Marija','Saric','marija.saric981@hotmail.com'),('marija.stankovic3','Marija','Stankovic','marija.stankovic3@yahoo.com'),('marija.stankovic384','Marija','Stankovic','marija.stankovic384@gmail.com'),('marija.stankovic523','Marija','Stankovic','marija.stankovic523@hotmail.com'),('marija.stanojevic195','Marija','Stanojevic','marija.stanojevic195@gmail.com'),('marija.stanojevic227','Marija','Stanojevic','marija.stanojevic227@hotmail.com'),('marija.stanojevic417','Marija','Stanojevic','marija.stanojevic417@hotmail.com'),('marija.stefanovic414','Marija','Stefanovic','marija.stefanovic414@gmail.com'),('marija.stojadinovic583','Marija','Stojadinovic','marija.stojadinovic583@gmail.com'),('marija.stojadinovic707','Marija','Stojadinovic','marija.stojadinovic707@yahoo.com'),('marija.stojadinovic903','Marija','Stojadinovic','marija.stojadinovic903@gmail.com'),('marija.stojanovic127','Marija','Stojanovic','marija.stojanovic127@hotmail.com'),('marija.stojanovic986','Marija','Stojanovic','marija.stojanovic986@yahoo.com'),('marija.todorovic249','Marija','Todorovic','marija.todorovic249@hotmail.com'),('marija.zoric171','Marija','Zoric','marija.zoric171@gmail.com'),('marko.kovacevic169','Marko','Kovacevic','marko.kovacevic169@yahoo.com'),('marko.kovacevic363','Marko','Kovacevic','marko.kovacevic363@yahoo.com'),('marko.maric132','Marko','Maric','marko.maric132@gmail.com'),('marko.maric671','Marko','Maric','marko.maric671@yahoo.com'),('marko.maric790','Marko','Maric','marko.maric790@gmail.com'),('marko.maric998','Marko','Maric','marko.maric998@yahoo.com'),('marko.popovic983','Marko','Popovic','marko.popovic983@yahoo.com'),('marko.radonjic896','Marko','Radonjic','marko.radonjic896@yahoo.com'),('marko.ristic782','Marko','Ristic','marko.ristic782@yahoo.com'),('marko.stojadinovic733','Marko','Stojadinovic','marko.stojadinovic733@gmail.com'),('marko.stojanovic267','Marko','Stojanovic','marko.stojanovic267@yahoo.com'),('marko.stojanovic608','Marko','Stojanovic','marko.stojanovic608@yahoo.com'),('marko.stojanovic659','Marko','Stojanovic','marko.stojanovic659@hotmail.com'),('marko.todorovic202','Marko','Todorovic','marko.todorovic202@gmail.com'),('marko.todorovic566','Marko','Todorovic','marko.todorovic566@gmail.com'),('marko.zoric804','Marko','Zoric','marko.zoric804@gmail.com'),('milica.popov374','Milica','Popov','milica.popov374@gmail.com'),('milica.popovic258','Milica','Popovic','milica.popovic258@hotmail.com'),('milica.popovic757','Milica','Popovic','milica.popovic757@hotmail.com'),('milica.popovic799','Milica','Popovic','milica.popovic799@yahoo.com'),('milica.radonjic717','Milica','Radonjic','milica.radonjic717@gmail.com'),('milica.radonjic816','Milica','Radonjic','milica.radonjic816@gmail.com'),('milica.radonjic946','Milica','Radonjic','milica.radonjic946@gmail.com'),('milica.stanojevic820','Milica','Stanojevic','milica.stanojevic820@yahoo.com'),('milica.stefanovic298','Milica','Stefanovic','milica.stefanovic298@gmail.com'),('milica.stefanovic760','Milica','Stefanovic','milica.stefanovic760@yahoo.com'),('milica.stojadinovic307','Milica','Stojadinovic','milica.stojadinovic307@hotmail.com'),('milica.zoric474','Milica','Zoric','milica.zoric474@yahoo.com'),('milos.kovacevic728','Milos','Kovacevic','milos.kovacevic728@gmail.com'),('milos.kovacevic926','Milos','Kovacevic','milos.kovacevic926@hotmail.com'),('milos.maric396','Milos','Maric','milos.maric396@yahoo.com'),('milos.maric407','Milos','Maric','milos.maric407@yahoo.com'),('milos.mitic588','Milos','Mitic','milos.mitic588@hotmail.com'),('milos.petrovic445','Milos','Petrovic','milos.petrovic445@gmail.com'),('milos.popov423','Milos','Popov','milos.popov423@yahoo.com'),('milos.popov454','Milos','Popov','milos.popov454@gmail.com'),('milos.popovic15','Milos','Popovic','milos.popovic15@hotmail.com'),('milos.saric354','Milos','Saric','milos.saric354@gmail.com'),('milos.saric542','Milos','Saric','milos.saric542@yahoo.com'),('milos.saric593','Milos','Saric','milos.saric593@yahoo.com'),('milos.stankovic108','Milos','Stankovic','milos.stankovic108@hotmail.com'),('milos.stojadinovic230','Milos','Stojadinovic','milos.stojadinovic230@yahoo.com'),('milos.stojanovic930','Milos','Stojanovic','milos.stojanovic930@yahoo.com'),('milos.zoric5','Milos','Zoric','milos.zoric5@yahoo.com'),('milos.zoric54','Milos','Zoric','milos.zoric54@yahoo.com'),('milos.zoric937','Milos','Zoric','milos.zoric937@hotmail.com'),('miodrag.maric645','Miodrag','Maric','miodrag.maric645@hotmail.com'),('miodrag.markovic539','Miodrag','Markovic','miodrag.markovic539@hotmail.com'),('miodrag.markovic834','Miodrag','Markovic','miodrag.markovic834@gmail.com'),('miodrag.mitic132','Miodrag','Mitic','miodrag.mitic132@yahoo.com'),('miodrag.mitic200','Miodrag','Mitic','miodrag.mitic200@hotmail.com'),('miodrag.mitic898','Miodrag','Mitic','miodrag.mitic898@yahoo.com'),('miodrag.petrovic127','Miodrag','Petrovic','miodrag.petrovic127@gmail.com'),('miodrag.petrovic767','Miodrag','Petrovic','miodrag.petrovic767@hotmail.com'),('miodrag.popov792','Miodrag','Popov','miodrag.popov792@hotmail.com'),('miodrag.popov793','Miodrag','Popov','miodrag.popov793@gmail.com'),('miodrag.popovic465','Miodrag','Popovic','miodrag.popovic465@gmail.com'),('miodrag.ristic28','Miodrag','Ristic','miodrag.ristic28@hotmail.com'),('miodrag.stanojevic94','Miodrag','Stanojevic','miodrag.stanojevic94@yahoo.com'),('miodrag.stefanovic789','Miodrag','Stefanovic','miodrag.stefanovic789@yahoo.com'),('miodrag.todorovic311','Miodrag','Todorovic','miodrag.todorovic311@yahoo.com'),('miodrag.zoric968','Miodrag','Zoric','miodrag.zoric968@gmail.com'),('miodrag.zoric97','Miodrag','Zoric','miodrag.zoric97@yahoo.com'),('mirko.kovacevic216','Mirko','Kovacevic','mirko.kovacevic216@gmail.com'),('mirko.maric875','Mirko','Maric','mirko.maric875@hotmail.com'),('mirko.markovic20','Mirko','Markovic','mirko.markovic20@hotmail.com'),('mirko.markovic30','Mirko','Markovic','mirko.markovic30@gmail.com'),('mirko.markovic572','Mirko','Markovic','mirko.markovic572@yahoo.com'),('mirko.markovic962','Mirko','Markovic','mirko.markovic962@gmail.com'),('mirko.ristic942','Mirko','Ristic','mirko.ristic942@hotmail.com'),('mirko.saric393','Mirko','Saric','mirko.saric393@hotmail.com'),('mirko.stankovic544','Mirko','Stankovic','mirko.stankovic544@yahoo.com'),('mirko.stojadinovic92','Mirko','Stojadinovic','mirko.stojadinovic92@hotmail.com'),('mirko.stojanovic280','Mirko','Stojanovic','mirko.stojanovic280@hotmail.com'),('mirko.todorovic191','Mirko','Todorovic','mirko.todorovic191@gmail.com'),('mirko.todorovic272','Mirko','Todorovic','mirko.todorovic272@hotmail.com'),('mirko.todorovic444','Mirko','Todorovic','mirko.todorovic444@yahoo.com'),('mirko.zoric494','Mirko','Zoric','mirko.zoric494@yahoo.com'),('mirko.zoric628','Mirko','Zoric','mirko.zoric628@yahoo.com'),('miroslav.maric51','Miroslav','Maric','miroslav.maric51@yahoo.com'),('miroslav.mitic787','Miroslav','Mitic','miroslav.mitic787@yahoo.com'),('miroslav.petrovic599','Miroslav','Petrovic','miroslav.petrovic599@hotmail.com'),('miroslav.petrovic680','Miroslav','Petrovic','miroslav.petrovic680@yahoo.com'),('miroslav.petrovic805','Miroslav','Petrovic','miroslav.petrovic805@yahoo.com'),('miroslav.popov122','Miroslav','Popov','miroslav.popov122@hotmail.com'),('miroslav.popov462','Miroslav','Popov','miroslav.popov462@gmail.com'),('miroslav.popovic971','Miroslav','Popovic','miroslav.popovic971@hotmail.com'),('miroslav.radonjic690','Miroslav','Radonjic','miroslav.radonjic690@yahoo.com'),('miroslav.radonjic778','Miroslav','Radonjic','miroslav.radonjic778@hotmail.com'),('miroslav.ristic150','Miroslav','Ristic','miroslav.ristic150@gmail.com'),('miroslav.ristic277','Miroslav','Ristic','miroslav.ristic277@gmail.com'),('miroslav.saric310','Miroslav','Saric','miroslav.saric310@yahoo.com'),('miroslav.saric374','Miroslav','Saric','miroslav.saric374@hotmail.com'),('miroslav.stankovic649','Miroslav','Stankovic','miroslav.stankovic649@hotmail.com'),('miroslav.stanojevic704','Miroslav','Stanojevic','miroslav.stanojevic704@yahoo.com'),('miroslav.stanojevic801','Miroslav','Stanojevic','miroslav.stanojevic801@hotmail.com'),('miroslav.stojadinovic720','Miroslav','Stojadinovic','miroslav.stojadinovic720@gmail.com'),('miroslav.stojanovic413','Miroslav','Stojanovic','miroslav.stojanovic413@gmail.com'),('miroslav.todorovic809','Miroslav','Todorovic','miroslav.todorovic809@yahoo.com'),('miroslav.todorovic853','Miroslav','Todorovic','miroslav.todorovic853@hotmail.com'),('miroslav.todorovic859','Miroslav','Todorovic','miroslav.todorovic859@gmail.com'),('miroslav.zoric463','Miroslav','Zoric','miroslav.zoric463@yahoo.com'),('miroslav.zoric666','Miroslav','Zoric','miroslav.zoric666@yahoo.com'),('nemanja.kovacevic238','Nemanja','Kovacevic','nemanja.kovacevic238@gmail.com'),('nemanja.kovacevic487','Nemanja','Kovacevic','nemanja.kovacevic487@gmail.com'),('nemanja.kovacevic57','Nemanja','Kovacevic','nemanja.kovacevic57@gmail.com'),('nemanja.maric233','Nemanja','Maric','nemanja.maric233@hotmail.com'),('nemanja.markovic224','Nemanja','Markovic','nemanja.markovic224@yahoo.com'),('nemanja.markovic964','Nemanja','Markovic','nemanja.markovic964@hotmail.com'),('nemanja.popov81','Nemanja','Popov','nemanja.popov81@gmail.com'),('nemanja.popovic402','Nemanja','Popovic','nemanja.popovic402@gmail.com'),('nemanja.popovic822','Nemanja','Popovic','nemanja.popovic822@gmail.com'),('nemanja.radonjic350','Nemanja','Radonjic','nemanja.radonjic350@gmail.com'),('nemanja.ristic361','Nemanja','Ristic','nemanja.ristic361@hotmail.com'),('nemanja.ristic443','Nemanja','Ristic','nemanja.ristic443@yahoo.com'),('nemanja.saric316','Nemanja','Saric','nemanja.saric316@hotmail.com'),('nemanja.saric549','Nemanja','Saric','nemanja.saric549@gmail.com'),('nemanja.stankovic543','Nemanja','Stankovic','nemanja.stankovic543@yahoo.com'),('nemanja.stanojevic791','Nemanja','Stanojevic','nemanja.stanojevic791@yahoo.com'),('nemanja.stojadinovic196','Nemanja','Stojadinovic','nemanja.stojadinovic196@hotmail.com'),('nemanja.stojanovic226','Nemanja','Stojanovic','nemanja.stojanovic226@hotmail.com'),('nemanja.stojanovic300','Nemanja','Stojanovic','nemanja.stojanovic300@hotmail.com'),('nemanja.stojanovic488','Nemanja','Stojanovic','nemanja.stojanovic488@yahoo.com'),('nemanja.zoric108','Nemanja','Zoric','nemanja.zoric108@yahoo.com'),('petar.kovacevic649','Petar','Kovacevic','petar.kovacevic649@yahoo.com'),('petar.kovacevic872','Petar','Kovacevic','petar.kovacevic872@gmail.com'),('petar.petrovic515','Petar','Petrovic','petar.petrovic515@gmail.com'),('petar.popov2','Petar','Popov','petar.popov2@gmail.com'),('petar.popov314','Petar','Popov','petar.popov314@gmail.com'),('petar.popov645','Petar','Popov','petar.popov645@yahoo.com'),('petar.radonjic499','Petar','Radonjic','petar.radonjic499@hotmail.com'),('petar.radonjic835','Petar','Radonjic','petar.radonjic835@gmail.com'),('petar.ristic31','Petar','Ristic','petar.ristic31@gmail.com'),('petar.ristic757','Petar','Ristic','petar.ristic757@hotmail.com'),('petar.todorovic363','Petar','Todorovic','petar.todorovic363@yahoo.com'),('petar.zoric246','Petar','Zoric','petar.zoric246@yahoo.com'),('petar.zoric631','Petar','Zoric','petar.zoric631@yahoo.com'),('sandra.kovacevic657','Sandra','Kovacevic','sandra.kovacevic657@yahoo.com'),('sandra.mitic446','Sandra','Mitic','sandra.mitic446@hotmail.com'),('sandra.mitic644','Sandra','Mitic','sandra.mitic644@gmail.com'),('sandra.mitic742','Sandra','Mitic','sandra.mitic742@hotmail.com'),('sandra.popovic474','Sandra','Popovic','sandra.popovic474@yahoo.com'),('sandra.saric25','Sandra','Saric','sandra.saric25@hotmail.com'),('sandra.stanojevic698','Sandra','Stanojevic','sandra.stanojevic698@yahoo.com'),('sandra.stefanovic572','Sandra','Stefanovic','sandra.stefanovic572@yahoo.com'),('sandra.stojadinovic655','Sandra','Stojadinovic','sandra.stojadinovic655@hotmail.com'),('sandra.stojanovic735','Sandra','Stojanovic','sandra.stojanovic735@gmail.com'),('sandra.todorovic172','Sandra','Todorovic','sandra.todorovic172@gmail.com'),('tanja.kovacevic396','Tanja','Kovacevic','tanja.kovacevic396@hotmail.com'),('tanja.maric337','Tanja','Maric','tanja.maric337@hotmail.com'),('tanja.maric577','Tanja','Maric','tanja.maric577@yahoo.com'),('tanja.maric796','Tanja','Maric','tanja.maric796@hotmail.com'),('tanja.maric873','Tanja','Maric','tanja.maric873@hotmail.com'),('tanja.markovic641','Tanja','Markovic','tanja.markovic641@hotmail.com'),('tanja.markovic89','Tanja','Markovic','tanja.markovic89@gmail.com'),('tanja.petrovic492','Tanja','Petrovic','tanja.petrovic492@hotmail.com'),('tanja.petrovic87','Tanja','Petrovic','tanja.petrovic87@hotmail.com'),('tanja.popov160','Tanja','Popov','tanja.popov160@hotmail.com'),('tanja.radonjic337','Tanja','Radonjic','tanja.radonjic337@yahoo.com'),('tanja.stankovic995','Tanja','Stankovic','tanja.stankovic995@gmail.com'),('tanja.stanojevic47','Tanja','Stanojevic','tanja.stanojevic47@hotmail.com'),('tanja.stefanovic829','Tanja','Stefanovic','tanja.stefanovic829@yahoo.com'),('tanja.stojadinovic855','Tanja','Stojadinovic','tanja.stojadinovic855@hotmail.com'),('tanja.zoric785','Tanja','Zoric','tanja.zoric785@yahoo.com'),('teodora.markovic160','Teodora','Markovic','teodora.markovic160@yahoo.com'),('teodora.popov355','Teodora','Popov','teodora.popov355@hotmail.com'),('teodora.popovic614','Teodora','Popovic','teodora.popovic614@hotmail.com'),('teodora.ristic386','Teodora','Ristic','teodora.ristic386@gmail.com'),('teodora.ristic826','Teodora','Ristic','teodora.ristic826@yahoo.com'),('teodora.saric44','Teodora','Saric','teodora.saric44@gmail.com'),('teodora.saric587','Teodora','Saric','teodora.saric587@gmail.com'),('teodora.stankovic255','Teodora','Stankovic','teodora.stankovic255@yahoo.com'),('teodora.stankovic429','Teodora','Stankovic','teodora.stankovic429@yahoo.com'),('teodora.stanojevic796','Teodora','Stanojevic','teodora.stanojevic796@yahoo.com'),('teodora.stefanovic430','Teodora','Stefanovic','teodora.stefanovic430@yahoo.com'),('teodora.todorovic205','Teodora','Todorovic','teodora.todorovic205@hotmail.com'),('teodora.todorovic323','Teodora','Todorovic','teodora.todorovic323@yahoo.com'),('teodora.todorovic370','Teodora','Todorovic','teodora.todorovic370@yahoo.com'),('teodora.todorovic467','Teodora','Todorovic','teodora.todorovic467@yahoo.com'),('una.maric371','Una','Maric','una.maric371@gmail.com'),('una.maric464','Una','Maric','una.maric464@hotmail.com'),('una.markovic723','Una','Markovic','una.markovic723@yahoo.com'),('una.mitic857','Una','Mitic','una.mitic857@yahoo.com'),('una.popovic100','Una','Popovic','una.popovic100@gmail.com'),('una.ristic128','Una','Ristic','una.ristic128@hotmail.com'),('una.ristic135','Una','Ristic','una.ristic135@gmail.com'),('una.ristic542','Una','Ristic','una.ristic542@hotmail.com'),('una.ristic819','Una','Ristic','una.ristic819@gmail.com'),('una.ristic842','Una','Ristic','una.ristic842@hotmail.com'),('una.stankovic361','Una','Stankovic','una.stankovic361@yahoo.com'),('una.stankovic470','Una','Stankovic','una.stankovic470@yahoo.com'),('una.stefanovic631','Una','Stefanovic','una.stefanovic631@yahoo.com'),('una.stojanovic375','Una','Stojanovic','una.stojanovic375@hotmail.com'),('una.stojanovic588','Una','Stojanovic','una.stojanovic588@yahoo.com'),('una.stojanovic708','Una','Stojanovic','una.stojanovic708@hotmail.com'),('una.todorovic259','Una','Todorovic','una.todorovic259@yahoo.com'),('una.zoric146','Una','Zoric','una.zoric146@gmail.com'),('una.zoric216','Una','Zoric','una.zoric216@yahoo.com'),('una.zoric330','Una','Zoric','una.zoric330@gmail.com'),('veljko.kovacevic86','Veljko','Kovacevic','veljko.kovacevic86@yahoo.com'),('veljko.mitic58','Veljko','Mitic','veljko.mitic58@yahoo.com'),('veljko.petrovic75','Veljko','Petrovic','veljko.petrovic75@hotmail.com'),('veljko.popovic3','Veljko','Popovic','veljko.popovic3@yahoo.com'),('veljko.popovic706','Veljko','Popovic','veljko.popovic706@yahoo.com'),('veljko.ristic429','Veljko','Ristic','veljko.ristic429@yahoo.com'),('veljko.stankovic241','Veljko','Stankovic','veljko.stankovic241@hotmail.com'),('veljko.stojadinovic85','Veljko','Stojadinovic','veljko.stojadinovic85@yahoo.com'),('veljko.zoric959','Veljko','Zoric','veljko.zoric959@gmail.com'),('vladimir.kovacevic155','Vladimir','Kovacevic','vladimir.kovacevic155@yahoo.com'),('vladimir.kovacevic359','Vladimir','Kovacevic','vladimir.kovacevic359@gmail.com'),('vladimir.kovacevic875','Vladimir','Kovacevic','vladimir.kovacevic875@gmail.com'),('vladimir.markovic503','Vladimir','Markovic','vladimir.markovic503@yahoo.com'),('vladimir.markovic943','Vladimir','Markovic','vladimir.markovic943@hotmail.com'),('vladimir.mitic276','Vladimir','Mitic','vladimir.mitic276@hotmail.com'),('vladimir.mitic423','Vladimir','Mitic','vladimir.mitic423@gmail.com'),('vladimir.petrovic782','Vladimir','Petrovic','vladimir.petrovic782@hotmail.com'),('vladimir.popov18','Vladimir','Popov','vladimir.popov18@yahoo.com'),('vladimir.radonjic126','Vladimir','Radonjic','vladimir.radonjic126@yahoo.com'),('vladimir.ristic112','Vladimir','Ristic','vladimir.ristic112@yahoo.com'),('vladimir.stankovic226','Vladimir','Stankovic','vladimir.stankovic226@hotmail.com'),('vladimir.stankovic25','Vladimir','Stankovic','vladimir.stankovic25@yahoo.com'),('vladimir.stojadinovic315','Vladimir','Stojadinovic','vladimir.stojadinovic315@hotmail.com'),('vladimir.todorovic574','Vladimir','Todorovic','vladimir.todorovic574@gmail.com'),('vladimir.todorovic602','Vladimir','Todorovic','vladimir.todorovic602@yahoo.com'),('vladimir.zoric752','Vladimir','Zoric','vladimir.zoric752@gmail.com'),('zoran.maric718','Zoran','Maric','zoran.maric718@gmail.com'),('zoran.markovic645','Zoran','Markovic','zoran.markovic645@yahoo.com'),('zoran.petrovic135','Zoran','Petrovic','zoran.petrovic135@gmail.com'),('zoran.popov783','Zoran','Popov','zoran.popov783@hotmail.com'),('zoran.popovic685','Zoran','Popovic','zoran.popovic685@hotmail.com'),('zoran.saric474','Zoran','Saric','zoran.saric474@gmail.com'),('zoran.stankovic403','Zoran','Stankovic','zoran.stankovic403@yahoo.com'),('zoran.stefanovic106','Zoran','Stefanovic','zoran.stefanovic106@yahoo.com'),('zoran.stefanovic367','Zoran','Stefanovic','zoran.stefanovic367@yahoo.com'),('zoran.stefanovic983','Zoran','Stefanovic','zoran.stefanovic983@gmail.com'),('zoran.zoric567','Zoran','Zoric','zoran.zoric567@gmail.com');

INSERT INTO `ucesnik` VALUES (0,'anamarija.maric146'),(0,'anamarija.maric825'),(0,'anamarija.petrovic500'),(0,'anamarija.petrovic800'),(0,'anamarija.popov557'),(0,'anamarija.popovic697'),(0,'anamarija.radonjic390'),(0,'anamarija.radonjic930'),(0,'anamarija.ristic628'),(0,'anamarija.stankovic362'),(0,'anamarija.stankovic63'),(0,'anamarija.stankovic632'),(0,'anamarija.stojadinovic85'),(0,'anamarija.stojanovic220'),(0,'anamarija.stojanovic663'),(0,'anamarija.zoric779'),(0,'andrija.kovacevic703'),(0,'andrija.kovacevic727'),(0,'andrija.markovic412'),(0,'andrija.mitic794'),(0,'andrija.popovic589'),(0,'andrija.popovic876'),(0,'andrija.popovic88'),(0,'andrija.saric634'),(0,'andrija.saric714'),(0,'andrija.stefanovic481'),(0,'dragan.markovic900'),(0,'dragan.mitic334'),(0,'dragan.mitic761'),(0,'dragan.popov479'),(0,'dragan.popovic773'),(0,'dragan.radonjic633'),(0,'dragan.saric679'),(0,'dragan.stojadinovic278'),(0,'dragana.markovic566'),(0,'dragana.petrovic249'),(0,'dragana.popov214'),(0,'dragana.popovic758'),(0,'dragana.radonjic166'),(0,'dragana.radonjic349'),(0,'dragana.saric20'),(0,'dragana.saric314'),(0,'dragana.stanojevic641'),(0,'dragana.stefanovic182'),(0,'dragana.stefanovic379'),(0,'dragana.stefanovic943'),(0,'dragana.stojadinovic96'),(0,'ivana.maric524'),(0,'ivana.markovic554'),(0,'ivana.mitic748'),(0,'ivana.petrovic578'),(0,'ivana.petrovic740'),(0,'ivana.popovic74'),(0,'ivana.stankovic209'),(0,'ivana.stankovic444'),(0,'ivana.stanojevic720'),(0,'ivana.stefanovic867'),(0,'ivana.stefanovic96'),(0,'ivana.todorovic739'),(0,'ivana.zoric125'),(0,'ivana.zoric223'),(0,'ivana.zoric607'),(0,'marija.petrovic638'),(0,'marija.popov192'),(0,'marija.popov929'),(0,'marija.popovic472'),(0,'marija.popovic805'),(0,'marija.popovic817'),(0,'marija.radonjic639'),(0,'marija.saric165'),(0,'marija.saric407'),(0,'marija.stankovic3'),(0,'marija.stankovic384'),(0,'marija.stankovic523'),(0,'marija.stanojevic195'),(0,'marija.stanojevic417'),(0,'marija.stefanovic414'),(0,'marija.stojadinovic583'),(0,'marija.stojadinovic707'),(0,'marija.stojadinovic903'),(0,'marija.stojanovic127'),(0,'marija.todorovic249'),(0,'marija.zoric171'),(0,'marko.kovacevic169'),(0,'marko.kovacevic363'),(0,'marko.maric671'),(0,'marko.maric790'),(0,'marko.maric998'),(0,'marko.popovic983'),(0,'marko.radonjic896'),(0,'marko.ristic782'),(0,'marko.stojadinovic733'),(0,'marko.stojanovic267'),(0,'marko.stojanovic608'),(0,'marko.stojanovic659'),(0,'marko.todorovic202'),(0,'marko.todorovic566'),(0,'marko.zoric804'),(0,'milica.popov374'),(0,'milica.popovic258'),(0,'milica.popovic757'),(0,'milica.popovic799'),(0,'milica.radonjic717'),(0,'milica.radonjic816'),(0,'milica.radonjic946'),(0,'milica.stanojevic820'),(0,'milica.stefanovic298'),(0,'milica.stefanovic760'),(0,'milica.stojadinovic307'),(0,'milica.zoric474'),(0,'milos.kovacevic926'),(0,'milos.maric396'),(0,'milos.maric407'),(0,'milos.mitic588'),(0,'milos.petrovic445'),(0,'milos.popovic15'),(0,'milos.saric354'),(0,'milos.saric542'),(0,'milos.saric593'),(0,'milos.stankovic108'),(0,'milos.stojadinovic230'),(0,'milos.stojanovic930'),(0,'milos.zoric5'),(0,'milos.zoric54'),(0,'miodrag.maric645'),(0,'miodrag.markovic539'),(0,'miodrag.markovic834'),(0,'miodrag.mitic132'),(0,'miodrag.mitic200'),(0,'miodrag.mitic898'),(0,'miodrag.petrovic127'),(0,'miodrag.petrovic767'),(0,'miodrag.popov792'),(0,'miodrag.popov793'),(0,'miodrag.popovic465'),(0,'miodrag.ristic28'),(0,'miodrag.stanojevic94'),(0,'miodrag.stefanovic789'),(0,'miodrag.todorovic311'),(0,'miodrag.zoric968'),(0,'miodrag.zoric97'),(0,'mirko.kovacevic216'),(0,'mirko.maric875'),(0,'mirko.markovic20'),(0,'mirko.markovic30'),(0,'mirko.markovic572'),(0,'mirko.markovic962'),(0,'mirko.ristic942'),(0,'mirko.saric393'),(0,'mirko.stojadinovic92'),(0,'mirko.stojanovic280'),(0,'mirko.todorovic272'),(0,'mirko.todorovic444'),(0,'mirko.zoric494'),(0,'mirko.zoric628'),(0,'miroslav.maric51'),(0,'miroslav.mitic787'),(0,'miroslav.petrovic680'),(0,'miroslav.petrovic805'),(0,'miroslav.popov122'),(0,'miroslav.popov462'),(0,'miroslav.popovic971'),(0,'miroslav.radonjic690'),(0,'miroslav.radonjic778'),(0,'miroslav.ristic150'),(0,'miroslav.ristic277'),(0,'miroslav.saric374'),(0,'miroslav.stankovic649'),(0,'miroslav.stanojevic704'),(0,'miroslav.stanojevic801'),(0,'miroslav.stojadinovic720'),(0,'miroslav.stojanovic413'),(0,'miroslav.todorovic809'),(0,'miroslav.todorovic853'),(0,'miroslav.todorovic859'),(0,'miroslav.zoric463'),(0,'miroslav.zoric666'),(0,'nemanja.kovacevic238'),(0,'nemanja.kovacevic57'),(0,'nemanja.maric233'),(0,'nemanja.markovic224'),(0,'nemanja.markovic964'),(0,'nemanja.popov81'),(0,'nemanja.popovic822'),(0,'nemanja.radonjic350'),(0,'nemanja.ristic361'),(0,'nemanja.ristic443'),(0,'nemanja.saric316'),(0,'nemanja.stankovic543'),(0,'nemanja.stanojevic791'),(0,'nemanja.stojadinovic196'),(0,'nemanja.stojanovic226'),(0,'nemanja.stojanovic488'),(0,'nemanja.zoric108'),(0,'petar.kovacevic649'),(0,'petar.kovacevic872'),(0,'petar.petrovic515'),(0,'petar.popov2'),(0,'petar.popov314'),(0,'petar.popov645'),(0,'petar.radonjic499'),(0,'petar.radonjic835'),(0,'petar.ristic31'),(0,'petar.ristic757'),(0,'petar.todorovic363'),(0,'petar.zoric246'),(0,'petar.zoric631'),(0,'sandra.kovacevic657'),(0,'sandra.mitic446'),(0,'sandra.mitic644'),(0,'sandra.mitic742'),(0,'sandra.popovic474'),(0,'sandra.saric25'),(0,'sandra.stanojevic698'),(0,'sandra.stefanovic572'),(0,'sandra.stojadinovic655'),(0,'sandra.stojanovic735'),(0,'sandra.todorovic172'),(0,'tanja.kovacevic396'),(0,'tanja.maric577'),(0,'tanja.maric796'),(0,'tanja.markovic89'),(0,'tanja.petrovic492'),(0,'tanja.petrovic87'),(0,'tanja.popov160'),(0,'tanja.radonjic337'),(0,'tanja.stankovic995'),(0,'tanja.stanojevic47'),(0,'tanja.stefanovic829'),(0,'tanja.stojadinovic855'),(0,'teodora.markovic160'),(0,'teodora.popov355'),(0,'teodora.popovic614'),(0,'teodora.ristic386'),(0,'teodora.ristic826'),(0,'teodora.saric44'),(0,'teodora.saric587'),(0,'teodora.stankovic255'),(0,'teodora.stankovic429'),(0,'teodora.stanojevic796'),(0,'teodora.stefanovic430'),(0,'teodora.todorovic205'),(0,'teodora.todorovic370'),(0,'teodora.todorovic467'),(0,'una.maric371'),(0,'una.maric464'),(0,'una.markovic723'),(0,'una.mitic857'),(0,'una.popovic100'),(0,'una.ristic128'),(0,'una.ristic135'),(0,'una.ristic542'),(0,'una.ristic819'),(0,'una.ristic842'),(0,'una.stankovic361'),(0,'una.stankovic470'),(0,'una.stefanovic631'),(0,'una.stojanovic375'),(0,'una.stojanovic588'),(0,'una.todorovic259'),(0,'una.zoric146'),(0,'una.zoric216'),(0,'una.zoric330'),(0,'veljko.kovacevic86'),(0,'veljko.mitic58'),(0,'veljko.petrovic75'),(0,'veljko.popovic3'),(0,'veljko.popovic706'),(0,'veljko.ristic429'),(0,'veljko.stankovic241'),(0,'veljko.stojadinovic85'),(0,'veljko.zoric959'),(0,'vladimir.kovacevic155'),(0,'vladimir.kovacevic359'),(0,'vladimir.kovacevic875'),(0,'vladimir.markovic503'),(0,'vladimir.markovic943'),(0,'vladimir.mitic276'),(0,'vladimir.mitic423'),(0,'vladimir.petrovic782'),(0,'vladimir.popov18'),(0,'vladimir.radonjic126'),(0,'vladimir.ristic112'),(0,'vladimir.stankovic226'),(0,'vladimir.stankovic25'),(0,'vladimir.stojadinovic315'),(0,'vladimir.todorovic574'),(0,'vladimir.todorovic602'),(0,'vladimir.zoric752'),(0,'zoran.maric718'),(0,'zoran.markovic645'),(0,'zoran.petrovic135'),(0,'zoran.popov783'),(0,'zoran.popovic685'),(0,'zoran.saric474'),(0,'zoran.stankovic403'),(0,'zoran.stefanovic106'),(0,'zoran.stefanovic367'),(0,'zoran.stefanovic983'),(0,'zoran.zoric567');

INSERT INTO `predavac` VALUES ('Univerzitet u Kragujevcu','anamarija.kovacevic768'),('Univerzitet u Pristini','anamarija.mitic489'),('Univerzitet u Pristini','anamarija.zoric350'),('Univerzitet u Pristini','andrija.maric483'),('Univerzitet u Novom Sadu','andrija.stojadinovic559'),('Univerzitet u Nisu','dragan.todorovic666'),('Univerzitet u Pristini','ivana.stanojevic934'),('Univerzitet u Novom Sadu','ivana.stefanovic724'),('Univerzitet u Kragujevcu','marija.saric981'),('Univerzitet u Beogradu','marija.stanojevic227'),('Univerzitet u Kragujevcu','marija.stojanovic986'),('Univerzitet u Kragujevcu','marko.maric132'),('Univerzitet u Novom Sadu','milos.kovacevic728'),('Univerzitet u Kragujevcu','milos.popov423'),('Univerzitet u Novom Sadu','milos.popov454'),('Univerzitet u Beogradu','milos.zoric937'),('Univerzitet u Nisu','mirko.stankovic544'),('Univerzitet u Nisu','mirko.todorovic191'),('Univerzitet u Beogradu','miroslav.petrovic599'),('Univerzitet u Kragujevcu','miroslav.saric310'),('Univerzitet u Pristini','nemanja.kovacevic487'),('Univerzitet u Pristini','nemanja.popovic402'),('Univerzitet u Nisu','nemanja.saric549'),('Univerzitet u Pristini','nemanja.stojanovic300'),('Univerzitet u Kragujevcu','tanja.maric337'),('Univerzitet u Nisu','tanja.maric873'),('Univerzitet u Beogradu','tanja.markovic641'),('Univerzitet u Nisu','tanja.zoric785'),('Univerzitet u Pristini','teodora.todorovic323'),('Univerzitet u Novom Sadu','una.stojanovic708');

INSERT INTO `kategorija` VALUES (1,'JavaScript'),(2,'AngularJS'),(3,'jQuery'),(4,'Git'),(5,'Backbone.js'),(6,'HTML&CSS'),(7,'ReactJS'),(8,'Node.js'),(9,'Ember.js'),(10,'Express.js'),(11,'RegEx');

INSERT INTO `kurs` VALUES (1,'Accelerating Through Angular 2',54,750,2),(2,'Adventures in Web Animations',15,750,6),(3,'Anatomy of Backbone.js',42,750,5),(4,'Anatomy of Backbone.js Part 2',30,20,5),(5,'Blasting Off with Bootstrap',6,750,6),(6,'Breaking the Ice With Regular Expressions',47,500,11),(7,'Building Blocks of Express.js',43,750,10),(8,'CoffeeScript',60,5,1),(9,'CSS Cross-Country',51,20,6),(10,'Discover DevTools',56,500,6),(11,'ES2015 - The Shape of JavaScript to Come',42,500,1),(12,'Front-end Formations',17,1000,6),(13,'Front-end Foundations',56,20,6),(14,'Fundamentals of Design',26,500,6),(15,'JavaScript Best Practices',32,500,1),(16,'JavaScript Road Trip Part 1',25,750,1),(17,'JavaScript Road Trip Part 2',5,750,1),(18,'JavaScript Road Trip Part 3',40,500,1),(19,'Journey Into Mobile',9,1000,6),(20,'jQuery - The Return Flight',39,50,3),(21,'Mastering GitHub',32,50,4),(22,'Powering Up With React',28,5,7),(23,'Real-time Web with Node.js',26,500,8),(24,'Shaping up with Angular.js',10,500,2),(25,'Staying Sharp with Angular.js',44,50,2),(26,'The Elements of Web Design',45,750,6),(27,'Try Ember',18,500,9),(28,'Try jQuery',14,5,3),(29,'You, Me & SVG',19,10,6);

INSERT INTO `lekcija` VALUES (1,'Level 1 - Angular 2 Ignition','description...','<?xml version=\"1.0\" encoding=\"UTF-8\"?>\n	<sekcija sadrzaj=\"L1S1 - First Component\"></sekcija>',1),(2,'Level 2 - Template Traction','description...','<?xml version=\"1.0\" encoding=\"UTF-8\"?>\n	<sekcija sadrzaj=\"L2S1 - Structural Directives\"></sekcija>\n	<sekcija sadrzaj=\"L2S2 - Pipes & Component Methods\"></sekcija>',1),(3,'Level 3 - Tuning It Up','description...','<?xml version=\"1.0\" encoding=\"UTF-8\"?>\n	<sekcija sadrzaj=\"L3S1 - Splitting to Two Components\"></sekcija>\n	<sekcija sadrzaj=\"L3S2 - Component HTML & CSS\"></sekcija>\n	<sekcija sadrzaj=\"L3S3 - Mocks & Models\"></sekcija>',1),(4,'Level 4 - Data Binding Boost','description...','<?xml version=\"1.0\" encoding=\"UTF-8\"?>\n	<sekcija sadrzaj=\"L4S1 - Property & Class Binding\"></sekcija>\n	<sekcija sadrzaj=\"L4S2 - Event Binding\"></sekcija>\n	<sekcija sadrzaj=\"L4S3 - Two-way Binding\"></sekcija>',1),(5,'Level 5 - Service Fuel Injection','description...','<?xml version=\"1.0\" encoding=\"UTF-8\"?>\n	<sekcija sadrzaj=\"L5S1 - Services\"></sekcija>\n	<sekcija sadrzaj=\"L5S2 - Http\"></sekcija>',1),(6,'Level 1 - Transitions','description...','<?xml version=\"1.0\" encoding=\"UTF-8\"?>\n	<sekcija sadrzaj=\"L1S1 - Transitioning Color\"></sekcija>\n	<sekcija sadrzaj=\"L1S2 - Transitioning Position\"></sekcija>\n	<sekcija sadrzaj=\"L1S3 - Transitioning Visibility\"></sekcija>',2),(7,'Level 2 - Transforms','description...','<?xml version=\"1.0\" encoding=\"UTF-8\"?>\n	<sekcija sadrzaj=\"L2S1 - Transforming Rotate\"></sekcija>\n	<sekcija sadrzaj=\"L2S2 - Transforming Scale and Translate\"></sekcija>',2),(8,'Level 3 - Keyframes','description...','<?xml version=\"1.0\" encoding=\"UTF-8\"?>\n	<sekcija sadrzaj=\"L3S1 - Creating and Reusing Keyframes\"></sekcija>\n	<sekcija sadrzaj=\"L3S2 - Multi-step Keyframes\"></sekcija>\n	<sekcija sadrzaj=\"L3S3 - More Advanced Keyframe Animations\"></sekcija>',2),(9,'Level 4 - SVG','description...','<?xml version=\"1.0\" encoding=\"UTF-8\"?>\n	<sekcija sadrzaj=\"L4S1 -  Animating SVGs With CSS\"></sekcija>',2),(10,'Level 1 - Introduction','description...','<?xml version=\"1.0\" encoding=\"UTF-8\"?>\n	<sekcija sadrzaj=\"L1S1 - Introduction\"></sekcija>',3),(11,'Level 2 - Models','description...','<?xml version=\"1.0\" encoding=\"UTF-8\"?>\n	<sekcija sadrzaj=\"L2S1 - Models\"></sekcija>',3),(12,'Level 3 - Views','description...','<?xml version=\"1.0\" encoding=\"UTF-8\"?>\n	<sekcija sadrzaj=\"L3S1 - Views\"></sekcija>',3),(13,'Level 4 - Models & Views','description...','<?xml version=\"1.0\" encoding=\"UTF-8\"?>\n	<sekcija sadrzaj=\"L4S1 - Models & Views\"></sekcija>',3),(14,'Level 5 - Collections','description...','<?xml version=\"1.0\" encoding=\"UTF-8\"?>\n	<sekcija sadrzaj=\"L5S1 - Collections\"></sekcija>',3),(15,'Level 6 - Collection Views','description...','<?xml version=\"1.0\" encoding=\"UTF-8\"?>\n	<sekcija sadrzaj=\"L6S1 - Collection Views\"></sekcija>',3),(16,'Level 7 - Router & History','description...','<?xml version=\"1.0\" encoding=\"UTF-8\"?>\n	<sekcija sadrzaj=\"L7S1 - Router & History\"></sekcija>',3),(17,'Level 1 - More Models','description...','<?xml version=\"1.0\" encoding=\"UTF-8\"?>\n	<sekcija sadrzaj=\"L1S1 - More Models\"></sekcija>',4),(18,'Level 2 - Customizing Collections','description...','<?xml version=\"1.0\" encoding=\"UTF-8\"?>\n	<sekcija sadrzaj=\"L2S1 - Customizing Collections\"></sekcija>',4),(19,'Level 3 - Real Routes','description...','<?xml version=\"1.0\" encoding=\"UTF-8\"?>\n	<sekcija sadrzaj=\"L3S1 - Real Routes\"></sekcija>',4),(20,'Level 4 - Varying Views','description...','<?xml version=\"1.0\" encoding=\"UTF-8\"?>\n	<sekcija sadrzaj=\"L4S1 - Varying Views\"></sekcija>',4),(21,'Level 5 - Working with Forms','description...','<?xml version=\"1.0\" encoding=\"UTF-8\"?>\n	<sekcija sadrzaj=\"L5S1 - Working with Forms\"></sekcija>',4),(22,'Level 6 - App Organization','description...','<?xml version=\"1.0\" encoding=\"UTF-8\"?>\n	<sekcija sadrzaj=\"L6S1 - App Organization\"></sekcija>',4),(23,'Level 7 - Customizing Backbone','description...','<?xml version=\"1.0\" encoding=\"UTF-8\"?>\n	<sekcija sadrzaj=\"L7S1 - Customizing Backbone\"></sekcija>',4),(24,'Level 1 - Lift Off','description...','<?xml version=\"1.0\" encoding=\"UTF-8\"?>\n	<sekcija sadrzaj=\"L1S1 - Lift Off\"></sekcija>',5),(25,'Level 2 - Designing in Grids','description...','<?xml version=\"1.0\" encoding=\"UTF-8\"?>\n	<sekcija sadrzaj=\"L2S1 - Thinking in Grids\"></sekcija>\n	<sekcija sadrzaj=\"L2S2 - Responsive Gridding\"></sekcija>',5),(26,'Level 3 - Typography','description...','<?xml version=\"1.0\" encoding=\"UTF-8\"?>\n	<sekcija sadrzaj=\"L3S1 - Typography\"></sekcija>',5),(27,'Level 4 - Enough CSS to be Dangerous','description...','<?xml version=\"1.0\" encoding=\"UTF-8\"?>\n	<sekcija sadrzaj=\"L4S1 - Buttons and Wells\"></sekcija>\n	<sekcija sadrzaj=\"L4S2 - Navigating Navigation\"></sekcija>',5),(28,'Level 5 - JavaScript Components','description...','<?xml version=\"1.0\" encoding=\"UTF-8\"?>\n	<sekcija sadrzaj=\"L5S1 - JavaScript Components\"></sekcija>\n	<sekcija sadrzaj=\"L5S2 - Dropping Down from Orbit\"></sekcija>',5),(29,'Level 1 - The String Story','description...','<?xml version=\"1.0\" encoding=\"UTF-8\"?>\n	<sekcija sadrzaj=\"L1S1 - The String Story\"></sekcija>\n	<sekcija sadrzaj=\"L1S2 - Assembling a Crew\"></sekcija>',6),(30,'Level 2 - Crew Emails','description...','<?xml version=\"1.0\" encoding=\"UTF-8\"?>\n	<sekcija sadrzaj=\"L2S1 - Crew Emails\"></sekcija>',6),(31,'Level 3 - Confirmative','description...','<?xml version=\"1.0\" encoding=\"UTF-8\"?>\n	<sekcija sadrzaj=\"L3S1 - Confirmative\"></sekcija>\n	<sekcija sadrzaj=\"L3S2 - Taglines\"></sekcija>',6),(32,'Level 4 - Multi-line Strings','description...','<?xml version=\"1.0\" encoding=\"UTF-8\"?>\n	<sekcija sadrzaj=\"L4S1 - Multi-line Strings\"></sekcija>',6),(33,'Level 5 - Capture Groups','description...','<?xml version=\"1.0\" encoding=\"UTF-8\"?>\n	<sekcija sadrzaj=\"L5S1 - Organizing Discoveries\"></sekcija>',6),(34,'Level 1 - First Steps','description...','<?xml version=\"1.0\" encoding=\"UTF-8\"?>\n	<sekcija sadrzaj=\"L1S1 - First Steps\"></sekcija>',7),(35,'Level 2 - Middleware','description...','<?xml version=\"1.0\" encoding=\"UTF-8\"?>\n	<sekcija sadrzaj=\"L2S1 - How Middleware Works\"></sekcija>\n	<sekcija sadrzaj=\"L2S2 - Writing Our Own Middleware\"></sekcija>',7),(36,'Level 3 - User Params','description...','<?xml version=\"1.0\" encoding=\"UTF-8\"?>\n	<sekcija sadrzaj=\"L3S1 - Reading from the URL\"></sekcija>\n	<sekcija sadrzaj=\"L3S2 - Massaging User Data\"></sekcija>',7),(37,'Level 4 - Body Parser','description...','<?xml version=\"1.0\" encoding=\"UTF-8\"?>\n	<sekcija sadrzaj=\"L4S1 - POST Requests\"></sekcija>\n	<sekcija sadrzaj=\"L4S2 - DELETE Requests\"></sekcija>',7),(38,'Level 5 - Refactoring Routes','description...','<?xml version=\"1.0\" encoding=\"UTF-8\"?>\n	<sekcija sadrzaj=\"L5S1 - Route Instances\"></sekcija>\n	<sekcija sadrzaj=\"L5S2 - Route Files\"></sekcija>',7),(39,'Level 1 - Variables and Functions','description...','<?xml version=\"1.0\" encoding=\"UTF-8\"?>\n	<sekcija sadrzaj=\"L1S1 - Variables and Functions\"></sekcija>',8),(40,'Level 2 - Applied jQuery','description...','<?xml version=\"1.0\" encoding=\"UTF-8\"?>\n	<sekcija sadrzaj=\"L2S1 - Applied jQuery\"></sekcija>',8),(41,'Level 3 - Conditionals & Operators','description...','<?xml version=\"1.0\" encoding=\"UTF-8\"?>\n	<sekcija sadrzaj=\"L3S1 - Conditionals & Operators\"></sekcija>',8),(42,'Level 4 - Arrays, Objects, Iterations','description...','<?xml version=\"1.0\" encoding=\"UTF-8\"?>\n	<sekcija sadrzaj=\"L4S1 - Arrays, Objects, Iterations\"></sekcija>',8),(43,'Level 5 - Applied jQuery II','description...','<?xml version=\"1.0\" encoding=\"UTF-8\"?>\n	<sekcija sadrzaj=\"L5S1 - Applied jQuery II\"></sekcija>',8),(44,'Level 6 - Object Orientation','description...','<?xml version=\"1.0\" encoding=\"UTF-8\"?>\n	<sekcija sadrzaj=\"L6S1 - Object Orientation\"></sekcija>',8),(45,'Level 1 - Frost-Proof Fundamentals','description...','<?xml version=\"1.0\" encoding=\"UTF-8\"?>\n	<sekcija sadrzaj=\"L1S1 - Frost-Proof Fundamentals\"></sekcija>',9),(46,'Level 2 - Clear Carving','description...','<?xml version=\"1.0\" encoding=\"UTF-8\"?>\n	<sekcija sadrzaj=\"L2S1 - Clear Carving\"></sekcija>',9),(47,'Level 3 - Box Bindings','description...','<?xml version=\"1.0\" encoding=\"UTF-8\"?>\n	<sekcija sadrzaj=\"L3S1 - Box Bindings\"></sekcija>',9),(48,'Level 4 - Grooming Your Code','description...','<?xml version=\"1.0\" encoding=\"UTF-8\"?>\n	<sekcija sadrzaj=\"L4S1 - Grooming Your Code\"></sekcija>',9),(49,'Level 5 - CSS Safety','description...','<?xml version=\"1.0\" encoding=\"UTF-8\"?>\n	<sekcija sadrzaj=\"L5S1 - CSS Safety\"></sekcija>',9),(50,'Level 6 - Image Issues','description...','<?xml version=\"1.0\" encoding=\"UTF-8\"?>\n	<sekcija sadrzaj=\"L6S1 - Image Issues\"></sekcija>',9),(51,'Level 7 - Sprightly Slaloms','description...','<?xml version=\"1.0\" encoding=\"UTF-8\"?>\n	<sekcija sadrzaj=\"L7S1 - Sprightly Slaloms\"></sekcija>',9),(52,'Level 8 - Pseudo Sitzmark','description...','<?xml version=\"1.0\" encoding=\"UTF-8\"?>\n	<sekcija sadrzaj=\"L8S1 - Pseudo Sitzmark\"></sekcija>',9),(53,'Level 1 - Elements','description...','<?xml version=\"1.0\" encoding=\"UTF-8\"?>\n	<sekcija sadrzaj=\"L1S1 - DOM Manipulation\"></sekcija>\n	<sekcija sadrzaj=\"L1S2 - Updating Styles\"></sekcija>',10),(54,'Level 2 - Sources','description...','<?xml version=\"1.0\" encoding=\"UTF-8\"?>\n	<sekcija sadrzaj=\"L2S1 - Editing in the Source Tab\"></sekcija>',10),(55,'Level 3 - Console','description...','<?xml version=\"1.0\" encoding=\"UTF-8\"?>\n	<sekcija sadrzaj=\"L3S1 - Working with the Console\"></sekcija>\n	<sekcija sadrzaj=\"L3S2 - Examining Exceptions\"></sekcija>\n	<sekcija sadrzaj=\"L3S3 - Element Selector Shortcuts\"></sekcija>',10),(56,'Level 4 - Debugging','description...','<?xml version=\"1.0\" encoding=\"UTF-8\"?>\n	<sekcija sadrzaj=\"L4S1 - Debugging JavaScript\"></sekcija>\n	<sekcija sadrzaj=\"L4S2 - Pause on Exceptions\"></sekcija>\n	<sekcija sadrzaj=\"L4S3 - Local Storage\"></sekcija>',10),(57,'Level 5 - Network','description...','<?xml version=\"1.0\" encoding=\"UTF-8\"?>\n	<sekcija sadrzaj=\"L5S1 - The Network Tab\"></sekcija>\n	<sekcija sadrzaj=\"L5S2 - Network Performance\"></sekcija>\n	<sekcija sadrzaj=\"L5S3 - Removing Unneeded Requests\"></sekcija>\n	<sekcija sadrzaj=\"L5S4 - Serving Correctly Sized Images\"></sekcija>',10),(58,'Level 6 - Profiles','description...','<?xml version=\"1.0\" encoding=\"UTF-8\"?>\n	<sekcija sadrzaj=\"L6S1 - Rendering Performance\"></sekcija>\n	<sekcija sadrzaj=\"L6S2 - CPU Profiling\"></sekcija>',10),(59,'Level 7 - Memory','description...','<?xml version=\"1.0\" encoding=\"UTF-8\"?>\n	<sekcija sadrzaj=\"L7S1 - Memory Profiling\"></sekcija>\n	<sekcija sadrzaj=\"L7S2 - Pinpointing Leaks\"></sekcija>',10),(60,'Level 1 - Declarations','description...','<?xml version=\"1.0\" encoding=\"UTF-8\"?>\n	<sekcija sadrzaj=\"L1S1 - Using let\"></sekcija>\n	<sekcija sadrzaj=\"L1S2 - Using let in for loops\"></sekcija>\n	<sekcija sadrzaj=\"L1S3 - Using const\"></sekcija>',11),(61,'Level 2 - Functions','description...','<?xml version=\"1.0\" encoding=\"UTF-8\"?>\n	<sekcija sadrzaj=\"L2S1 - Function Defaults\"></sekcija>\n	<sekcija sadrzaj=\"L2S2 - Rest Params, Spread Op, Arrow Func\"></sekcija>',11),(62,'Level 3 - Objects, Strings, and Object.assign','description...','<?xml version=\"1.0\" encoding=\"UTF-8\"?>\n	<sekcija sadrzaj=\"L3S1 - Objects and Strings\"></sekcija>\n	<sekcija sadrzaj=\"L3S2 - Object\"></sekcija>',11),(63,'Level 4 - Arrays, Maps, and Sets','description...','<?xml version=\"1.0\" encoding=\"UTF-8\"?>\n	<sekcija sadrzaj=\"L4S1 - Arrays\"></sekcija>\n	<sekcija sadrzaj=\"L4S2 - Maps\"></sekcija>\n	<sekcija sadrzaj=\"L4S3 - Sets\"></sekcija>',11),(64,'Level 5 - Classes and Modules','description...','<?xml version=\"1.0\" encoding=\"UTF-8\"?>\n	<sekcija sadrzaj=\"L5S1 - Classes\"></sekcija>\n	<sekcija sadrzaj=\"L5S2 - Modules - Part I\"></sekcija>\n	<sekcija sadrzaj=\"L5S3 - Modules - Part II\"></sekcija>',11),(65,'Level 6 - Promises, Iterators, and Generators','description...','<?xml version=\"1.0\" encoding=\"UTF-8\"?>\n	<sekcija sadrzaj=\"L6S1 - Promises\"></sekcija>\n	<sekcija sadrzaj=\"L6S2 - Iterators\"></sekcija>\n	<sekcija sadrzaj=\"L6S3 - Generators\"></sekcija>',11),(66,'Level 1 - Overview & Updates','description...','<?xml version=\"1.0\" encoding=\"UTF-8\"?>\n	<sekcija sadrzaj=\"L1S1 - Overview & Updates\"></sekcija>',12),(67,'Level 2 - HTML5 Elements','description...','<?xml version=\"1.0\" encoding=\"UTF-8\"?>\n	<sekcija sadrzaj=\"L2S1 - HTML5 Elements\"></sekcija>\n	<sekcija sadrzaj=\"L2S2 - HTML5 Elements\"></sekcija>',12),(68,'Level 3 - HTML5 Forms','description...','<?xml version=\"1.0\" encoding=\"UTF-8\"?>\n	<sekcija sadrzaj=\"L3S1 - HTML5 Forms\"></sekcija>',12),(69,'Level 4 - CSS3 Styles','description...','<?xml version=\"1.0\" encoding=\"UTF-8\"?>\n	<sekcija sadrzaj=\"L4S1 - CSS3 Styles\"></sekcija>\n	<sekcija sadrzaj=\"L4S2 - CSS3 Styles\"></sekcija>',12),(70,'Level 5 - Fonts & Interactions','description...','<?xml version=\"1.0\" encoding=\"UTF-8\"?>\n	<sekcija sadrzaj=\"L5S1 - Fonts & Interactions\"></sekcija>',12),(71,'Level 1 - HTML','description...','<?xml version=\"1.0\" encoding=\"UTF-8\"?>\n	<sekcija sadrzaj=\"L1S1 - HTML tags\"></sekcija>\n	<sekcija sadrzaj=\"L1S2 - HTML links\"></sekcija>',13),(72,'Level 2 - CSS','description...','<?xml version=\"1.0\" encoding=\"UTF-8\"?>\n	<sekcija sadrzaj=\"L2S1 - CSS selectors\"></sekcija>\n	<sekcija sadrzaj=\"L2S2 - Hexadecimal colors\"></sekcija>\n	<sekcija sadrzaj=\"L2S3 - The Box Model\"></sekcija>',13),(73,'Level 3 - Classes and Layout','description...','<?xml version=\"1.0\" encoding=\"UTF-8\"?>\n	<sekcija sadrzaj=\"L3S1 - CSS selectors\"></sekcija>\n	<sekcija sadrzaj=\"L3S2 - divs and Layout\"></sekcija>',13),(74,'Level 4 - Images','description...','<?xml version=\"1.0\" encoding=\"UTF-8\"?>\n	<sekcija sadrzaj=\"L4S1 - Content Images\"></sekcija>\n	<sekcija sadrzaj=\"L4S2 - Background Images\"></sekcija>\n	<sekcija sadrzaj=\"L4S3 - Floating Images\"></sekcija>',13),(75,'Level 5 - Fonts and Forms','description...','<?xml version=\"1.0\" encoding=\"UTF-8\"?>\n	<sekcija sadrzaj=\"L5S1 - Adjusting Font Styles\"></sekcija>\n	<sekcija sadrzaj=\"L5S2 - Creating Web Forms\"></sekcija>',13),(76,'Level 1 - Typography','description...','<?xml version=\"1.0\" encoding=\"UTF-8\"?>\n	<sekcija sadrzaj=\"L1S1 - Typeface Classifications\"></sekcija>\n	<sekcija sadrzaj=\"L1S2 - Size, Leading & Weights\"></sekcija>\n	<sekcija sadrzaj=\"L1S3 - Line-Width & Widows\"></sekcija>',14),(77,'Level 2 - Colors','description...','<?xml version=\"1.0\" encoding=\"UTF-8\"?>\n	<sekcija sadrzaj=\"L2S1 - Basic Color Theory\"></sekcija>\n	<sekcija sadrzaj=\"L2S2 - Color Schemes\"></sekcija>\n	<sekcija sadrzaj=\"L2S3 - Color & Type\"></sekcija>',14),(78,'Level 3 - Layout','description...','<?xml version=\"1.0\" encoding=\"UTF-8\"?>\n	<sekcija sadrzaj=\"L3S1 - Basic Layout\"></sekcija>\n	<sekcija sadrzaj=\"L3S2 - The Grid\"></sekcija>\n	<sekcija sadrzaj=\"L3S3 - Whitespace & Balance\"></sekcija>',14),(79,'Level 1 - The Sword of Syntax','description...','<?xml version=\"1.0\" encoding=\"UTF-8\"?>\n	<sekcija sadrzaj=\"L1S1 - Ternary Conditionals\"></sekcija>\n	<sekcija sadrzaj=\"L1S2 - Logical Assignment I\"></sekcija>\n	<sekcija sadrzaj=\"L1S3 - Logical Assignment II\"></sekcija>\n	<sekcija sadrzaj=\"L1S4 - The Switch Block\"></sekcija>',15),(80,'Level 2 - The Pendant of Performance','description...','<?xml version=\"1.0\" encoding=\"UTF-8\"?>\n	<sekcija sadrzaj=\"L2S1 - Loop Optimization\"></sekcija>\n	<sekcija sadrzaj=\"L2S2 - Script Execution\"></sekcija>\n	<sekcija sadrzaj=\"L2S3 - Short Performance Tips\"></sekcija>\n	<sekcija sadrzaj=\"L2S4 - Measuring Performance I\"></sekcija>\n	<sekcija sadrzaj=\"L2S5 - Measuring Performance II\"></sekcija>',15),(81,'Level 3 - The Crystal of Caution','description...','<?xml version=\"1.0\" encoding=\"UTF-8\"?>\n	<sekcija sadrzaj=\"L3S1 - Careful Comparisons\"></sekcija>\n	<sekcija sadrzaj=\"L3S2 - Exception Handling\"></sekcija>\n	<sekcija sadrzaj=\"L3S3 - Stuff That (Sometimes) Sucks\"></sekcija>\n	<sekcija sadrzaj=\"L3S4 - Number Nonsense\"></sekcija>',15),(82,'Level 4 - The Mail of Modularity','description...','<?xml version=\"1.0\" encoding=\"UTF-8\"?>\n	<sekcija sadrzaj=\"L4S1 -  Namespacing Basics\"></sekcija>\n	<sekcija sadrzaj=\"L4S2 - Anonymous Closures\"></sekcija>\n	<sekcija sadrzaj=\"L4S3 - Global Imports\"></sekcija>\n	<sekcija sadrzaj=\"L4S4 - Augmentation\"></sekcija>',15),(83,'Level 1 - The Cliffs of Value','description...','<?xml version=\"1.0\" encoding=\"UTF-8\"?>\n	<sekcija sadrzaj=\"L1S1 - Booleans, The True Path\"></sekcija>\n	<sekcija sadrzaj=\"L1S2 - Strings on Signs\"></sekcija>',16),(84,'Level 2 - Variable Valley','description...','<?xml version=\"1.0\" encoding=\"UTF-8\"?>\n	<sekcija sadrzaj=\"L2S1 - Variable Discovery\"></sekcija>\n	<sekcija sadrzaj=\"L2S2 - Variable Exploration\"></sekcija>',16),(85,'Level 3 - Files Falls','description...','<?xml version=\"1.0\" encoding=\"UTF-8\"?>\n	<sekcija sadrzaj=\"L3S1 - Script Tags\"></sekcija>\n	<sekcija sadrzaj=\"L3S2 - Down to the Files\"></sekcija>',16),(86,'Level 1 - The Labyrinth of Loops','description...','<?xml version=\"1.0\" encoding=\"UTF-8\"?>\n	<sekcija sadrzaj=\"L1S1 - While Loops\"></sekcija>\n	<sekcija sadrzaj=\"L1S2 - More Loops\"></sekcija>',17),(87,'Level 2 - Conditional Canyon','description...','<?xml version=\"1.0\" encoding=\"UTF-8\"?>\n	<sekcija sadrzaj=\"L2S1 - Loop Slide\"></sekcija>\n	<sekcija sadrzaj=\"L2S2 - A Loopy Problem\"></sekcija>\n	<sekcija sadrzaj=\"L2S3 - Loop Echo\"></sekcija>',17),(88,'Level 3 - Built-Ins Bluff','description...','<?xml version=\"1.0\" encoding=\"UTF-8\"?>\n	<sekcija sadrzaj=\"L3S1 - Built-Ins Bluff\"></sekcija>',17),(89,'Level 4 - The Desert of Declarations','description...','<?xml version=\"1.0\" encoding=\"UTF-8\"?>\n	<sekcija sadrzaj=\"L4S1 - Intro to Functions\"></sekcija>\n	<sekcija sadrzaj=\"L4S2 - Problem Solving with Functions\"></sekcija>',17),(90,'Level 5 - The Array Archipelago','description...','<?xml version=\"1.0\" encoding=\"UTF-8\"?>\n	<sekcija sadrzaj=\"L5S1 - Array Ho!\"></sekcija>\n	<sekcija sadrzaj=\"L5S2 - Searching Arrays\"></sekcija>',17),(91,'Level 1 - Forest of Function Expressions','description...','<?xml version=\"1.0\" encoding=\"UTF-8\"?>\n	<sekcija sadrzaj=\"L1S1 - Function Expressions\"></sekcija>\n	<sekcija sadrzaj=\"L1S2 - Passing Function Expressions As Parameters\"></sekcija>\n	<sekcija sadrzaj=\"L1S3 - Returning Functions and Immediate Invocation\"></sekcija>',18),(92,'Level 2 - Cold Closures Cove','description...','<?xml version=\"1.0\" encoding=\"UTF-8\"?>\n	<sekcija sadrzaj=\"L2S1 - The Concept of Closure\"></sekcija>\n	<sekcija sadrzaj=\"L2S2 - Modifying Bound Values After Closure\"></sekcija>\n	<sekcija sadrzaj=\"L2S3 - Dangers at the Moment of Closure\"></sekcija>',18),(93,'Level 3 - Hoisting Hills','description...','<?xml version=\"1.0\" encoding=\"UTF-8\"?>\n	<sekcija sadrzaj=\"L3S1 - Hoisting\"></sekcija>',18),(94,'Level 4 - Ocean of Objects','description...','<?xml version=\"1.0\" encoding=\"UTF-8\"?>\n	<sekcija sadrzaj=\"L4S1 - Objects\"></sekcija>\n	<sekcija sadrzaj=\"L4S2 - Object Functionality\"></sekcija>\n	<sekcija sadrzaj=\"L4S3 - Using Objects\"></sekcija>',18),(95,'Level 5 - Plains of Prototypes','description...','<?xml version=\"1.0\" encoding=\"UTF-8\"?>\n	<sekcija sadrzaj=\"L5S1 - Prototypes\"></sekcija>\n	<sekcija sadrzaj=\"L5S2 - Inheritance and Constructors\"></sekcija>\n	<sekcija sadrzaj=\"L5S3 - Overriding Prototypal Methods\"></sekcija>',18),(96,'Level 1 - Foundations for Mobile','description...','<?xml version=\"1.0\" encoding=\"UTF-8\"?>\n	<sekcija sadrzaj=\"L1S1 - Foundations for Mobile\"></sekcija>',19),(97,'Level 2 - Fluid Layouts','description...','<?xml version=\"1.0\" encoding=\"UTF-8\"?>\n	<sekcija sadrzaj=\"L2S1 - Fluid Layouts\"></sekcija>',19),(98,'Level 3 - Adaptive Adventures','description...','<?xml version=\"1.0\" encoding=\"UTF-8\"?>\n	<sekcija sadrzaj=\"L3S1 - Adaptive Adventures\"></sekcija>',19),(99,'Level 4 - Responsive Adventures','description...','<?xml version=\"1.0\" encoding=\"UTF-8\"?>\n	<sekcija sadrzaj=\"L4S1 - Responsive Adventures\"></sekcija>',19),(100,'Level 5 - Responsive Media','description...','<?xml version=\"1.0\" encoding=\"UTF-8\"?>\n	<sekcija sadrzaj=\"L5S1 - Responsive Media\"></sekcija>',19),(101,'Level 1 - Ajax Basics','description...','<?xml version=\"1.0\" encoding=\"UTF-8\"?>\n	<sekcija sadrzaj=\"L1S1 - Ajax Basics\"></sekcija>\n	<sekcija sadrzaj=\"L1S2 - Ajax Options\"></sekcija>',20),(102,'Level 2 - JavaScript and jQuery','description...','<?xml version=\"1.0\" encoding=\"UTF-8\"?>\n	<sekcija sadrzaj=\"L2S1 - JavaScript Objects\"></sekcija>\n	<sekcija sadrzaj=\"L2S2 - JavaScript Functions\"></sekcija>',20),(103,'Level 3 - Ajax With Forms','description...','<?xml version=\"1.0\" encoding=\"UTF-8\"?>\n	<sekcija sadrzaj=\"L3S1 - Ajax With Forms\"></sekcija>\n	<sekcija sadrzaj=\"L3S2 - Ajax With JSON\"></sekcija>',20),(104,'Level 4 - Utility Methods','description...','<?xml version=\"1.0\" encoding=\"UTF-8\"?>\n	<sekcija sadrzaj=\"L4S1 - Utility Functions\"></sekcija>',20),(105,'Level 5 - jQuery Plugins','description...','<?xml version=\"1.0\" encoding=\"UTF-8\"?>\n	<sekcija sadrzaj=\"L5S1 - Advanced Events\"></sekcija>\n	<sekcija sadrzaj=\"L5S2 - jQuery Plugins\"></sekcija>',20),(106,'Level 6 - Promises','description...','<?xml version=\"1.0\" encoding=\"UTF-8\"?>\n	<sekcija sadrzaj=\"L6S1 - Promises\"></sekcija>',20),(107,'Level 1 - Fork Based Workflows','description...','<?xml version=\"1.0\" encoding=\"UTF-8\"?>\n	<sekcija sadrzaj=\"L1S1 - Fork Based Workflows\"></sekcija>\n	<sekcija sadrzaj=\"L1S2 - Forking and Cloning\"></sekcija>\n	<sekcija sadrzaj=\"L1S3 - Submitting a Pull Request\"></sekcija>\n	<sekcija sadrzaj=\"L1S4 - Updating Your Fork\"></sekcija>',21),(108,'Level 2 - Single Repository Workflows','description...','<?xml version=\"1.0\" encoding=\"UTF-8\"?>\n	<sekcija sadrzaj=\"L2S1 - Single Repository Workflows\"></sekcija>\n	<sekcija sadrzaj=\"L2S2 - Collaborating on Pull Requests\"></sekcija>\n	<sekcija sadrzaj=\"L2S3 - Merging Pull Requests\"></sekcija>',21),(109,'Level 3 - Tags, Branches and Releases','description...','<?xml version=\"1.0\" encoding=\"UTF-8\"?>\n	<sekcija sadrzaj=\"L3S1 - Tags\"></sekcija>\n	<sekcija sadrzaj=\"L3S2 - Release Branches\"></sekcija>\n	<sekcija sadrzaj=\"L3S3 - Releases in GitHub\"></sekcija>',21),(110,'Level 4 - Issues, Wikis and GitHub Pages','description...','<?xml version=\"1.0\" encoding=\"UTF-8\"?>\n	<sekcija sadrzaj=\"L4S1 - Wikis\"></sekcija>\n	<sekcija sadrzaj=\"L4S2 - Issues\"></sekcija>\n	<sekcija sadrzaj=\"L4S3 - GitHub Pages\"></sekcija>',21),(111,'Level 5 - Managing and Securing GitHub','description...','<?xml version=\"1.0\" encoding=\"UTF-8\"?>\n	<sekcija sadrzaj=\"L5S1 - Configuring a New Repository\"></sekcija>\n	<sekcija sadrzaj=\"L5S2 - GitHub Authentication and Authorization\"></sekcija>',21),(112,'Level 6 - Automating GitHub','description...','<?xml version=\"1.0\" encoding=\"UTF-8\"?>\n	<sekcija sadrzaj=\"L6S1 -  Integrating Existing Services\"></sekcija>\n	<sekcija sadrzaj=\"L6S2 - The GitHub API\"></sekcija>',21),(113,'Level 7 - Command Line GitHub','description...','<?xml version=\"1.0\" encoding=\"UTF-8\"?>\n	<sekcija sadrzaj=\"L7S1 - Getting Started with Hub\"></sekcija>',21),(114,'Level 1 - First Component','description...','<?xml version=\"1.0\" encoding=\"UTF-8\"?>\n	<sekcija sadrzaj=\"L1S1 - First Component\"></sekcija>\n	<sekcija sadrzaj=\"L1S2 - Understanding JSX\"></sekcija>',22),(115,'Level 2 - Talk Through Props','description...','<?xml version=\"1.0\" encoding=\"UTF-8\"?>\n	<sekcija sadrzaj=\"L2S1 - Building an App\"></sekcija>\n	<sekcija sadrzaj=\"L2S2 - Passing Dynamic Arguments\"></sekcija>',22),(116,'Level 3 - Component State','description...','<?xml version=\"1.0\" encoding=\"UTF-8\"?>\n	<sekcija sadrzaj=\"L3S1 - Handling Data Changes With State\"></sekcija>',22),(117,'Level 4 - Synthetic Events','description...','<?xml version=\"1.0\" encoding=\"UTF-8\"?>\n	<sekcija sadrzaj=\"L4S1 - Synthetic Events\"></sekcija>',22),(118,'Level 5 - Talking to Remote Servers','description...','<?xml version=\"1.0\" encoding=\"UTF-8\"?>\n	<sekcija sadrzaj=\"L5S1 - Using Lifecycle Methods to Load Comments\"></sekcija>\n	<sekcija sadrzaj=\"L5S2 - Adding and Deleting Comments on the Server Side\"></sekcija>',22),(119,'Level 1 - Intro to Node.js','description...','<?xml version=\"1.0\" encoding=\"UTF-8\"?>\n	<sekcija sadrzaj=\"L1S1 - Intro to Node\"></sekcija>',23),(120,'Level 2 - Events','description...','<?xml version=\"1.0\" encoding=\"UTF-8\"?>\n	<sekcija sadrzaj=\"L2S1 - Events\"></sekcija>',23),(121,'Level 3 - Streams','description...','<?xml version=\"1.0\" encoding=\"UTF-8\"?>\n	<sekcija sadrzaj=\"L3S1 - Streams\"></sekcija>',23),(122,'Level 4 - Modules','description...','<?xml version=\"1.0\" encoding=\"UTF-8\"?>\n	<sekcija sadrzaj=\"L4S1 - Modules\"></sekcija>',23),(123,'Level 5 - Express','description...','<?xml version=\"1.0\" encoding=\"UTF-8\"?>\n	<sekcija sadrzaj=\"L5S1 - Express\"></sekcija>',23),(124,'Level 6 - Socket.io','description...','<?xml version=\"1.0\" encoding=\"UTF-8\"?>\n	<sekcija sadrzaj=\"L6S1 - Socket\"></sekcija>',23),(125,'Level 7 - Persisting Data','description...','<?xml version=\"1.0\" encoding=\"UTF-8\"?>\n	<sekcija sadrzaj=\"L7S1 - Persisting Data\"></sekcija>',23),(126,'Level 1 - Flatlanders Gem Store','description...','<?xml version=\"1.0\" encoding=\"UTF-8\"?>\n	<sekcija sadrzaj=\"L1S1 - Ramp Up\"></sekcija>\n	<sekcija sadrzaj=\"L1S2 - Index HTML Setup\"></sekcija>\n	<sekcija sadrzaj=\"L1S3 - Built-in Directives\"></sekcija>',24),(127,'Level 2 - Built-in Directives','description...','<?xml version=\"1.0\" encoding=\"UTF-8\"?>\n	<sekcija sadrzaj=\"L2S1 - Filters and a New Directive\"></sekcija>\n	<sekcija sadrzaj=\"L2S2 - Tabs Inside Out\"></sekcija>',24),(128,'Level 3 - Forms','description...','<?xml version=\"1.0\" encoding=\"UTF-8\"?>\n	<sekcija sadrzaj=\"L3S1 - Forms and Models\"></sekcija>\n	<sekcija sadrzaj=\"L3S2 - Accepting Submissions\"></sekcija>\n	<sekcija sadrzaj=\"L3S3 - Form Validations 101\"></sekcija>',24),(129,'Level 4 - Custom Directives','description...','<?xml version=\"1.0\" encoding=\"UTF-8\"?>\n	<sekcija sadrzaj=\"L4S1 - Directives\"></sekcija>\n	<sekcija sadrzaj=\"L4S2 - Directive Controllers\"></sekcija>',24),(130,'Level 5 - Services','description...','<?xml version=\"1.0\" encoding=\"UTF-8\"?>\n	<sekcija sadrzaj=\"L5S1 - Dependencies\"></sekcija>\n	<sekcija sadrzaj=\"L5S2 - Services\"></sekcija>',24),(131,'Level 1 - Getting Started With Routes','description...','<?xml version=\"1.0\" encoding=\"UTF-8\"?>\n	<sekcija sadrzaj=\"L1S1 - Wiring Together Views\"></sekcija>\n	<sekcija sadrzaj=\"L1S2 - Logic in Our Routes\"></sekcija>',25),(132,'Level 2 - Directives With Scope','description...','<?xml version=\"1.0\" encoding=\"UTF-8\"?>\n	<sekcija sadrzaj=\"L2S1 - $scope\"></sekcija>\n	<sekcija sadrzaj=\"L2S2 - Scope the Config Object\"></sekcija>\n	<sekcija sadrzaj=\"L2S3 - Link\"></sekcija>',25),(133,'Level 3 - Services','description...','<?xml version=\"1.0\" encoding=\"UTF-8\"?>\n	<sekcija sadrzaj=\"L3S1 - A Service for Our Data Calls\"></sekcija>\n	<sekcija sadrzaj=\"L3S2 - A Service for an Outside API\"></sekcija>\n	<sekcija sadrzaj=\"L3S3 - Providers\"></sekcija>\n	<sekcija sadrzaj=\"L3S4 - $resource\"></sekcija>',25),(134,'Level 4 - Reusable Directives','description...','<?xml version=\"1.0\" encoding=\"UTF-8\"?>\n	<sekcija sadrzaj=\"L4S1 - Helping Child and Parent Communicate\"></sekcija>\n	<sekcija sadrzaj=\"L4S2 - Filter\"></sekcija>\n	<sekcija sadrzaj=\"L4S3 - External Library Directive\"></sekcija>',25),(135,'Level 1 - User Discovery','description...','<?xml version=\"1.0\" encoding=\"UTF-8\"?>\n	<sekcija sadrzaj=\"L1S1 - Personas\"></sekcija>\n	<sekcija sadrzaj=\"L1S2 - Design & Test\"></sekcija>',26),(136,'Level 2 - Navigating Sites','description...','<?xml version=\"1.0\" encoding=\"UTF-8\"?>\n	<sekcija sadrzaj=\"L2S1 - Information\"></sekcija>\n	<sekcija sadrzaj=\"L2S2 - Navigation\"></sekcija>',26),(137,'Level 3 - Usability Design','description...','<?xml version=\"1.0\" encoding=\"UTF-8\"?>\n	<sekcija sadrzaj=\"L3S1 - Forms\"></sekcija>\n	<sekcija sadrzaj=\"L3S2 - Homepage Design\"></sekcija>\n	<sekcija sadrzaj=\"L3S3 - Pricing Pages\"></sekcija>',26),(138,'Level 4 - Mobile Best Practices','description...','<?xml version=\"1.0\" encoding=\"UTF-8\"?>\n	<sekcija sadrzaj=\"L4S1 - Mobile Best Practices\"></sekcija>',26),(139,'Level 1 - Getting Started','description...','<?xml version=\"1.0\" encoding=\"UTF-8\"?>\n	<sekcija sadrzaj=\"L1S1 - Getting Started\"></sekcija>',27),(140,'Level 2 - Routing and Templating','description...','<?xml version=\"1.0\" encoding=\"UTF-8\"?>\n	<sekcija sadrzaj=\"L2S1 - Templates and the Router\"></sekcija>\n	<sekcija sadrzaj=\"L2S2 - Routes\"></sekcija>',27),(141,'Level 3 - Models and Services','description...','<?xml version=\"1.0\" encoding=\"UTF-8\"?>\n	<sekcija sadrzaj=\"L3S1 - Models and Services\"></sekcija>',27),(142,'Level 4 - Actions','description...','<?xml version=\"1.0\" encoding=\"UTF-8\"?>\n	<sekcija sadrzaj=\"L4S1 - Actions\"></sekcija>',27),(143,'Level 5 - Properties and Components','description...','<?xml version=\"1.0\" encoding=\"UTF-8\"?>\n	<sekcija sadrzaj=\"L5S1 - Computed Properties\"></sekcija>\n	<sekcija sadrzaj=\"L5S2 - Components\"></sekcija>',27),(144,'Level 1 - Introduction to jQuery','description...','<?xml version=\"1.0\" encoding=\"UTF-8\"?>\n	<sekcija sadrzaj=\"L1S1 - What is jQuery\"></sekcija>\n	<sekcija sadrzaj=\"L1S2 - Using jQuery\"></sekcija>',28),(145,'Level 2 - Traversing the DOM','description...','<?xml version=\"1.0\" encoding=\"UTF-8\"?>\n	<sekcija sadrzaj=\"L2S1 - Searching the DOM\"></sekcija>\n	<sekcija sadrzaj=\"L2S2 - Traversing the DOM\"></sekcija>',28),(146,'Level 3 - Working with the DOM','description...','<?xml version=\"1.0\" encoding=\"UTF-8\"?>\n	<sekcija sadrzaj=\"L3S1 - Manipulating the DOM\"></sekcija>\n	<sekcija sadrzaj=\"L3S2 - Acting on Interaction\"></sekcija>\n	<sekcija sadrzaj=\"L3S3 - Refactor Using Traversing\"></sekcija>\n	<sekcija sadrzaj=\"L3S4 - Traversing and Filtering\"></sekcija>',28),(147,'Level 4 - Listening to DOM Events','description...','<?xml version=\"1.0\" encoding=\"UTF-8\"?>\n	<sekcija sadrzaj=\"L4S1 - On DOM Load\"></sekcija>\n	<sekcija sadrzaj=\"L4S2 - Expanding on on()\"></sekcija>\n	<sekcija sadrzaj=\"L4S3 - Keyboard Events\"></sekcija>\n	<sekcija sadrzaj=\"L4S4 - Link Layover\"></sekcija>',28),(148,'Level 5 - Styling','description...','<?xml version=\"1.0\" encoding=\"UTF-8\"?>\n	<sekcija sadrzaj=\"L5S1 - Taming CSS\"></sekcija>\n	<sekcija sadrzaj=\"L5S2 - Animation\"></sekcija>',28),(149,'Level 1 - Oh, the Shapes You Can Make','description...','<?xml version=\"1.0\" encoding=\"UTF-8\"?>\n	<sekcija sadrzaj=\"L1S1 - SVG Fun\"></sekcija>',29),(150,'Level 2 - Would You, Could You With a Badge','description...','<?xml version=\"1.0\" encoding=\"UTF-8\"?>\n	<sekcija sadrzaj=\"L2S1 - Circles by the Ton\"></sekcija>\n	<sekcija sadrzaj=\"L2S2 - Shapes for You\"></sekcija>',29),(151,'Level 3 - Group de Loop','description...','<?xml version=\"1.0\" encoding=\"UTF-8\"?>\n	<sekcija sadrzaj=\"L3S1 - Groups Anyone\"></sekcija>\n	<sekcija sadrzaj=\"L3S2 - Transform to the Rescue\"></sekcija>\n	<sekcija sadrzaj=\"L3S3 - Responsively\"></sekcija>',29),(152,'Level 4 - SVG Encore!','description...','<?xml version=\"1.0\" encoding=\"UTF-8\"?>\n	<sekcija sadrzaj=\"L4S1 - Paths Are Fun\"></sekcija>\n	<sekcija sadrzaj=\"L4S2 - Symbols to Use\"></sekcija>',29);

INSERT INTO `ciklus` VALUES ('2016-01-01','2016-09-01',10),('2016-01-13','2016-10-16',12),('2016-01-16','2016-08-13',15),('2016-01-20','2016-09-05',3),('2016-01-27','2016-07-12',3),('2016-02-09','2016-11-19',25),('2016-02-11','2016-10-23',9),('2016-02-21','2016-12-03',6),('2016-02-21','2016-12-12',16),('2016-03-03','2016-10-24',1),('2016-03-26','2016-09-22',12),('2016-03-30','2016-11-17',25),('2016-03-31','2016-11-23',9),('2016-04-08','2016-08-24',28),('2016-04-20','2016-11-28',27),('2016-05-14','2016-11-03',1),('2016-05-16','2016-12-08',16),('2016-05-24','2016-09-23',23),('2016-05-29','2016-10-04',17),('2016-06-08','2016-11-01',18),('2016-06-09','2016-11-15',8),('2016-06-22','2016-11-01',2),('2016-07-08','2016-09-18',3),('2016-07-10','2016-11-07',14),('2016-07-31','2016-11-06',11),('2016-08-08','2016-11-21',20),('2016-08-24','2016-11-02',8),('2016-08-25','2016-11-14',27),('2016-09-11','2016-10-29',17),('2016-09-18','2016-12-05',14),('2016-10-03','2016-11-20',25),('2016-10-05','2016-12-21',12),('2016-10-14','2016-12-01',1),('2016-10-15','2016-12-13',11),('2016-10-24','2016-12-03',16),('2016-10-29','2016-12-08',9),('2016-10-30','2016-12-29',15),('2016-11-07','2016-12-25',23),('2016-11-23','2016-12-17',2),('2016-11-26','2016-12-24',13);

INSERT INTO `prijavljuje` VALUES ('2016-01-01',10,'anamarija.stojanovic220',80),('2016-01-01',10,'anamarija.zoric779',32),('2016-01-01',10,'dragan.markovic900',45),('2016-01-01',10,'dragan.popovic773',12),('2016-01-01',10,'ivana.petrovic578',97),('2016-01-01',10,'ivana.stanojevic720',79),('2016-01-01',10,'marija.stanojevic195',52),('2016-01-01',10,'marko.stojadinovic733',89),('2016-01-01',10,'marko.todorovic566',37),('2016-01-01',10,'marko.zoric804',99),('2016-01-01',10,'milica.zoric474',19),('2016-01-01',10,'miroslav.petrovic805',4),('2016-01-01',10,'miroslav.radonjic690',23),('2016-01-01',10,'nemanja.kovacevic57',97),('2016-01-01',10,'nemanja.ristic361',69),('2016-01-01',10,'petar.popov2',83),('2016-01-01',10,'sandra.mitic644',8),('2016-01-01',10,'sandra.mitic742',24),('2016-01-01',10,'teodora.popovic614',37),('2016-01-01',10,'una.ristic135',29),('2016-01-01',10,'una.zoric146',35),('2016-01-01',10,'vladimir.markovic943',85),('2016-01-01',10,'vladimir.popov18',81),('2016-01-01',10,'zoran.popovic685',87),('2016-01-13',12,'anamarija.maric825',43),('2016-01-13',12,'anamarija.petrovic500',10),('2016-01-13',12,'anamarija.stankovic632',95),('2016-01-13',12,'andrija.markovic412',21),('2016-01-13',12,'andrija.saric634',77),('2016-01-13',12,'ivana.stankovic209',45),('2016-01-13',12,'ivana.stefanovic96',54),('2016-01-13',12,'marija.stefanovic414',0),('2016-01-13',12,'milos.popovic15',52),('2016-01-13',12,'miodrag.mitic898',38),('2016-01-13',12,'miodrag.stanojevic94',61),('2016-01-13',12,'mirko.kovacevic216',99),('2016-01-13',12,'mirko.markovic30',67),('2016-01-13',12,'mirko.markovic572',89),('2016-01-13',12,'mirko.markovic962',93),('2016-01-13',12,'miroslav.ristic277',71),('2016-01-13',12,'miroslav.stanojevic704',26),('2016-01-13',12,'miroslav.todorovic859',65),('2016-01-13',12,'miroslav.zoric463',88),('2016-01-13',12,'nemanja.popov81',83),('2016-01-13',12,'nemanja.popovic822',41),('2016-01-13',12,'teodora.todorovic370',51),('2016-01-13',12,'una.stojanovic375',72),('2016-01-13',12,'una.zoric330',16),('2016-01-13',12,'vladimir.zoric752',26),('2016-01-16',15,'marko.stojadinovic733',95),('2016-01-16',15,'milica.stefanovic298',69),('2016-01-16',15,'milos.zoric54',22),('2016-01-16',15,'mirko.todorovic444',34),('2016-01-16',15,'nemanja.zoric108',91),('2016-01-16',15,'tanja.petrovic492',38),('2016-01-16',15,'teodora.stankovic255',25),('2016-01-16',15,'teodora.todorovic370',46),('2016-01-16',15,'vladimir.kovacevic359',66),('2016-01-16',15,'vladimir.kovacevic875',57),('2016-01-20',3,'anamarija.maric146',19),('2016-01-20',3,'anamarija.popov557',22),('2016-01-20',3,'anamarija.zoric779',8),('2016-01-20',3,'andrija.kovacevic703',52),('2016-01-20',3,'dragan.popov479',70),('2016-01-20',3,'dragan.saric679',38),('2016-01-20',3,'ivana.zoric607',1),('2016-01-20',3,'marija.stojadinovic903',83),('2016-01-20',3,'marko.maric671',85),('2016-01-20',3,'milica.popovic799',1),('2016-01-20',3,'milos.kovacevic926',18),('2016-01-20',3,'milos.stojadinovic230',100),('2016-01-20',3,'miodrag.markovic539',7),('2016-01-20',3,'miodrag.mitic132',69),('2016-01-20',3,'miodrag.petrovic127',75),('2016-01-20',3,'miodrag.ristic28',49),('2016-01-20',3,'miodrag.stanojevic94',20),('2016-01-20',3,'mirko.saric393',37),('2016-01-20',3,'miroslav.radonjic690',37),('2016-01-20',3,'miroslav.saric374',99),('2016-01-20',3,'nemanja.popovic822',81),('2016-01-20',3,'petar.kovacevic649',74),('2016-01-20',3,'petar.ristic31',57),('2016-01-20',3,'petar.ristic757',79),('2016-01-20',3,'sandra.kovacevic657',25),('2016-01-20',3,'tanja.kovacevic396',9),('2016-01-20',3,'tanja.maric577',39),('2016-01-20',3,'tanja.petrovic87',20),('2016-01-20',3,'tanja.radonjic337',37),('2016-01-20',3,'tanja.stankovic995',96),('2016-01-20',3,'una.ristic819',90),('2016-01-20',3,'veljko.zoric959',43),('2016-01-20',3,'vladimir.markovic943',27),('2016-01-20',3,'vladimir.mitic423',57),('2016-01-20',3,'vladimir.popov18',83),('2016-01-20',3,'zoran.popov783',54),('2016-01-20',3,'zoran.popovic685',52),('2016-01-27',3,'anamarija.maric825',10),('2016-01-27',3,'marija.saric165',77),('2016-01-27',3,'marko.stojanovic608',17),('2016-01-27',3,'milos.stojanovic930',1),('2016-01-27',3,'miodrag.mitic132',32),('2016-01-27',3,'miroslav.petrovic805',38),('2016-01-27',3,'una.ristic842',88),('2016-02-09',25,'anamarija.petrovic800',46),('2016-02-09',25,'anamarija.popov557',93),('2016-02-09',25,'andrija.saric634',54),('2016-02-09',25,'andrija.stefanovic481',9),('2016-02-09',25,'dragan.mitic761',53),('2016-02-09',25,'dragana.markovic566',25),('2016-02-09',25,'ivana.popovic74',28),('2016-02-09',25,'marija.popovic472',47),('2016-02-09',25,'marija.stankovic3',1),('2016-02-09',25,'marija.stanojevic417',36),('2016-02-09',25,'marija.stojadinovic583',25),('2016-02-09',25,'marija.stojadinovic903',57),('2016-02-09',25,'marija.zoric171',67),('2016-02-09',25,'marko.kovacevic169',93),('2016-02-09',25,'marko.popovic983',62),('2016-02-09',25,'milica.radonjic816',66),('2016-02-09',25,'milos.saric593',90),('2016-02-09',25,'milos.stankovic108',98),('2016-02-09',25,'miodrag.petrovic767',99),('2016-02-09',25,'miodrag.popov792',92),('2016-02-09',25,'miodrag.popovic465',70),('2016-02-09',25,'miodrag.ristic28',77),('2016-02-09',25,'miodrag.stanojevic94',95),('2016-02-09',25,'miodrag.zoric968',62),('2016-02-09',25,'mirko.markovic20',32),('2016-02-09',25,'miroslav.popov462',97),('2016-02-09',25,'miroslav.stojanovic413',37),('2016-02-09',25,'miroslav.todorovic859',46),('2016-02-09',25,'nemanja.maric233',34),('2016-02-09',25,'nemanja.radonjic350',30),('2016-02-09',25,'petar.petrovic515',68),('2016-02-09',25,'petar.radonjic835',51),('2016-02-09',25,'petar.ristic31',59),('2016-02-09',25,'petar.ristic757',63),('2016-02-09',25,'tanja.markovic89',61),('2016-02-09',25,'tanja.petrovic492',89),('2016-02-09',25,'tanja.stefanovic829',61),('2016-02-09',25,'una.stankovic470',89),('2016-02-09',25,'una.todorovic259',62),('2016-02-09',25,'una.zoric330',95),('2016-02-09',25,'veljko.kovacevic86',78),('2016-02-09',25,'vladimir.kovacevic155',37),('2016-02-09',25,'vladimir.mitic423',88),('2016-02-09',25,'vladimir.petrovic782',72),('2016-02-11',9,'dragana.radonjic349',11),('2016-02-11',9,'dragana.stefanovic182',59),('2016-02-11',9,'milos.popovic15',30),('2016-02-11',9,'una.stefanovic631',72),('2016-02-11',9,'veljko.popovic706',74),('2016-02-21',6,'andrija.stefanovic481',38),('2016-02-21',6,'marija.radonjic639',85),('2016-02-21',6,'marko.maric998',44),('2016-02-21',6,'sandra.todorovic172',55),('2016-02-21',6,'teodora.ristic386',88),('2016-02-21',16,'andrija.kovacevic703',30),('2016-02-21',16,'dragan.mitic334',82),('2016-02-21',16,'dragana.petrovic249',7),('2016-02-21',16,'ivana.stankovic444',86),('2016-02-21',16,'ivana.stanojevic720',40),('2016-02-21',16,'marija.popov192',43),('2016-02-21',16,'marija.radonjic639',34),('2016-02-21',16,'marija.stanojevic195',50),('2016-02-21',16,'marko.maric790',9),('2016-02-21',16,'marko.popovic983',72),('2016-02-21',16,'miodrag.markovic539',15),('2016-02-21',16,'mirko.kovacevic216',78),('2016-02-21',16,'mirko.markovic20',6),('2016-02-21',16,'mirko.zoric494',38),('2016-02-21',16,'miroslav.popovic971',45),('2016-02-21',16,'miroslav.stanojevic801',83),('2016-02-21',16,'nemanja.radonjic350',53),('2016-02-21',16,'nemanja.stojadinovic196',41),('2016-02-21',16,'nemanja.stojanovic488',57),('2016-02-21',16,'petar.petrovic515',64),('2016-02-21',16,'sandra.mitic446',14),('2016-02-21',16,'tanja.kovacevic396',0),('2016-02-21',16,'teodora.markovic160',25),('2016-02-21',16,'veljko.popovic3',73),('2016-02-21',16,'veljko.zoric959',55),('2016-02-21',16,'vladimir.markovic503',0),('2016-02-21',16,'vladimir.markovic943',57),('2016-02-21',16,'vladimir.mitic423',19),('2016-02-21',16,'vladimir.zoric752',26),('2016-02-21',16,'zoran.petrovic135',20),('2016-02-21',16,'zoran.stefanovic367',55),('2016-03-03',1,'anamarija.stankovic632',11),('2016-03-03',1,'andrija.kovacevic703',22),('2016-03-03',1,'andrija.markovic412',5),('2016-03-03',1,'andrija.mitic794',84),('2016-03-03',1,'dragana.popovic758',40),('2016-03-03',1,'dragana.saric20',81),('2016-03-03',1,'dragana.stanojevic641',65),('2016-03-03',1,'dragana.stojadinovic96',41),('2016-03-03',1,'ivana.todorovic739',87),('2016-03-03',1,'marija.stojanovic127',78),('2016-03-03',1,'marko.stojanovic267',19),('2016-03-03',1,'marko.todorovic566',61),('2016-03-03',1,'milica.popovic757',58),('2016-03-03',1,'milica.radonjic946',71),('2016-03-03',1,'miodrag.mitic132',92),('2016-03-03',1,'miodrag.petrovic767',72),('2016-03-03',1,'miodrag.ristic28',86),('2016-03-03',1,'miodrag.zoric968',21),('2016-03-03',1,'mirko.ristic942',23),('2016-03-03',1,'mirko.todorovic444',35),('2016-03-03',1,'mirko.zoric494',87),('2016-03-03',1,'mirko.zoric628',21),('2016-03-03',1,'miroslav.ristic150',13),('2016-03-03',1,'miroslav.ristic277',26),('2016-03-03',1,'miroslav.todorovic853',38),('2016-03-03',1,'nemanja.kovacevic238',55),('2016-03-03',1,'nemanja.markovic964',27),('2016-03-03',1,'nemanja.ristic443',18),('2016-03-03',1,'nemanja.saric316',23),('2016-03-03',1,'nemanja.zoric108',75),('2016-03-03',1,'petar.kovacevic649',21),('2016-03-03',1,'petar.kovacevic872',32),('2016-03-03',1,'petar.todorovic363',22),('2016-03-03',1,'sandra.popovic474',42),('2016-03-03',1,'tanja.popov160',10),('2016-03-03',1,'tanja.stankovic995',47),('2016-03-03',1,'tanja.stojadinovic855',100),('2016-03-03',1,'teodora.popovic614',6),('2016-03-03',1,'teodora.saric44',99),('2016-03-03',1,'una.maric464',65),('2016-03-03',1,'una.ristic135',61),('2016-03-03',1,'una.todorovic259',87),('2016-03-03',1,'vladimir.markovic503',62),('2016-03-03',1,'zoran.maric718',83),('2016-03-03',1,'zoran.stankovic403',58),('2016-03-03',1,'zoran.zoric567',80),('2016-03-26',12,'andrija.mitic794',75),('2016-03-26',12,'andrija.popovic589',75),('2016-03-26',12,'andrija.saric714',20),('2016-03-26',12,'dragana.popov214',76),('2016-03-26',12,'dragana.radonjic166',52),('2016-03-26',12,'ivana.popovic74',53),('2016-03-26',12,'ivana.stanojevic720',11),('2016-03-26',12,'ivana.stefanovic867',55),('2016-03-26',12,'marija.popovic472',0),('2016-03-26',12,'marija.popovic805',61),('2016-03-26',12,'marija.saric165',40),('2016-03-26',12,'marija.stankovic384',56),('2016-03-26',12,'marija.zoric171',85),('2016-03-26',12,'miodrag.mitic898',16),('2016-03-26',12,'miodrag.petrovic127',50),('2016-03-26',12,'miodrag.petrovic767',88),('2016-03-26',12,'miroslav.maric51',68),('2016-03-26',12,'miroslav.petrovic805',66),('2016-03-26',12,'miroslav.saric374',35),('2016-03-26',12,'miroslav.stojadinovic720',49),('2016-03-26',12,'miroslav.todorovic853',8),('2016-03-26',12,'petar.zoric631',59),('2016-03-26',12,'tanja.maric577',67),('2016-03-26',12,'tanja.popov160',40),('2016-03-26',12,'una.stojanovic588',33),('2016-03-26',12,'vladimir.stankovic226',67),('2016-03-26',12,'vladimir.todorovic574',69),('2016-03-26',12,'zoran.markovic645',54),('2016-03-30',25,'anamarija.radonjic390',83),('2016-03-30',25,'anamarija.ristic628',84),('2016-03-30',25,'anamarija.stankovic63',94),('2016-03-30',25,'anamarija.stankovic632',6),('2016-03-30',25,'andrija.kovacevic703',21),('2016-03-30',25,'andrija.popovic876',59),('2016-03-30',25,'dragan.popovic773',7),('2016-03-30',25,'dragan.radonjic633',45),('2016-03-30',25,'dragana.stefanovic379',59),('2016-03-30',25,'ivana.petrovic578',80),('2016-03-30',25,'ivana.stankovic209',48),('2016-03-30',25,'marija.petrovic638',2),('2016-03-30',25,'marija.popov192',16),('2016-03-30',25,'marija.popovic817',71),('2016-03-30',25,'marija.saric407',82),('2016-03-30',25,'milica.radonjic717',76),('2016-03-30',25,'milica.radonjic946',25),('2016-03-30',25,'milica.stojadinovic307',75),('2016-03-30',25,'milica.zoric474',19),('2016-03-30',25,'milos.popovic15',100),('2016-03-30',25,'milos.saric593',82),('2016-03-30',25,'miodrag.markovic539',25),('2016-03-30',25,'miodrag.markovic834',95),('2016-03-30',25,'miodrag.mitic200',6),('2016-03-30',25,'mirko.maric875',39),('2016-03-30',25,'mirko.markovic30',95),('2016-03-30',25,'mirko.markovic962',99),('2016-03-30',25,'mirko.zoric494',73),('2016-03-30',25,'mirko.zoric628',9),('2016-03-30',25,'miroslav.petrovic805',98),('2016-03-30',25,'miroslav.popov122',19),('2016-03-30',25,'petar.popov645',23),('2016-03-30',25,'petar.zoric631',33),('2016-03-30',25,'sandra.stefanovic572',52),('2016-03-30',25,'tanja.petrovic492',73),('2016-03-30',25,'tanja.stefanovic829',81),('2016-03-30',25,'teodora.popovic614',77),('2016-03-30',25,'una.mitic857',33),('2016-03-30',25,'veljko.kovacevic86',99),('2016-03-30',25,'veljko.stankovic241',32),('2016-03-30',25,'veljko.stojadinovic85',89),('2016-03-30',25,'veljko.zoric959',33),('2016-03-30',25,'vladimir.mitic423',48),('2016-03-31',9,'andrija.kovacevic727',100),('2016-03-31',9,'petar.zoric631',50),('2016-03-31',9,'sandra.stojadinovic655',27),('2016-03-31',9,'tanja.stojadinovic855',74),('2016-04-08',28,'sandra.stanojevic698',49),('2016-04-08',28,'una.ristic842',100),('2016-04-20',27,'anamarija.popovic697',90),('2016-04-20',27,'anamarija.ristic628',59),('2016-04-20',27,'dragan.popovic773',14),('2016-04-20',27,'dragana.saric20',28),('2016-04-20',27,'dragana.stefanovic943',59),('2016-04-20',27,'ivana.popovic74',71),('2016-04-20',27,'marija.popovic472',48),('2016-04-20',27,'marija.popovic817',82),('2016-04-20',27,'marija.saric407',87),('2016-04-20',27,'marija.stanojevic195',98),('2016-04-20',27,'marija.zoric171',32),('2016-04-20',27,'milica.radonjic946',19),('2016-04-20',27,'miodrag.markovic834',56),('2016-04-20',27,'miodrag.mitic132',40),('2016-04-20',27,'miodrag.petrovic767',59),('2016-04-20',27,'miodrag.popov793',83),('2016-04-20',27,'mirko.markovic30',30),('2016-04-20',27,'sandra.kovacevic657',58),('2016-04-20',27,'sandra.popovic474',64),('2016-04-20',27,'sandra.todorovic172',10),('2016-04-20',27,'tanja.petrovic87',33),('2016-04-20',27,'teodora.ristic826',11),('2016-04-20',27,'una.ristic542',16),('2016-04-20',27,'una.stankovic361',36),('2016-04-20',27,'una.stefanovic631',92),('2016-04-20',27,'una.todorovic259',6),('2016-04-20',27,'una.zoric146',42),('2016-04-20',27,'veljko.kovacevic86',100),('2016-04-20',27,'veljko.popovic706',51),('2016-04-20',27,'veljko.ristic429',67),('2016-04-20',27,'veljko.stankovic241',30),('2016-04-20',27,'vladimir.petrovic782',3),('2016-04-20',27,'vladimir.stankovic226',72),('2016-04-20',27,'zoran.stefanovic367',60),('2016-05-14',1,'anamarija.maric146',64),('2016-05-14',1,'andrija.markovic412',74),('2016-05-14',1,'dragan.mitic334',61),('2016-05-14',1,'dragan.popov479',81),('2016-05-14',1,'dragana.petrovic249',14),('2016-05-14',1,'ivana.zoric125',34),('2016-05-14',1,'marija.popovic805',84),('2016-05-14',1,'marija.stankovic3',8),('2016-05-14',1,'milica.popov374',29),('2016-05-14',1,'milica.radonjic816',23),('2016-05-14',1,'milica.stefanovic298',100),('2016-05-14',1,'milica.zoric474',74),('2016-05-14',1,'milos.mitic588',46),('2016-05-14',1,'miodrag.zoric968',28),('2016-05-14',1,'mirko.stojanovic280',7),('2016-05-14',1,'mirko.zoric494',91),('2016-05-14',1,'miroslav.petrovic805',0),('2016-05-14',1,'miroslav.saric374',48),('2016-05-14',1,'miroslav.stanojevic801',63),('2016-05-14',1,'petar.kovacevic872',89),('2016-05-14',1,'petar.popov2',12),('2016-05-14',1,'petar.radonjic835',39),('2016-05-14',1,'sandra.mitic644',32),('2016-05-14',1,'sandra.stanojevic698',1),('2016-05-14',1,'sandra.stojanovic735',95),('2016-05-14',1,'tanja.maric577',64),('2016-05-14',1,'tanja.markovic89',79),('2016-05-14',1,'teodora.ristic826',100),('2016-05-14',1,'teodora.stanojevic796',24),('2016-05-14',1,'una.maric464',77),('2016-05-14',1,'una.ristic842',37),('2016-05-14',1,'veljko.popovic3',44),('2016-05-14',1,'veljko.ristic429',67),('2016-05-14',1,'veljko.stankovic241',0),('2016-05-14',1,'vladimir.markovic943',89),('2016-05-14',1,'vladimir.stankovic25',85),('2016-05-14',1,'vladimir.stojadinovic315',78),('2016-05-14',1,'vladimir.zoric752',43),('2016-05-14',1,'zoran.stefanovic367',49),('2016-05-16',16,'andrija.saric634',37),('2016-05-16',16,'dragana.saric314',40),('2016-05-16',16,'milos.popovic15',11),('2016-05-16',16,'nemanja.kovacevic238',57),('2016-05-16',16,'petar.popov2',31),('2016-05-16',16,'petar.todorovic363',66),('2016-05-16',16,'tanja.stojadinovic855',31),('2016-05-16',16,'una.zoric330',12),('2016-05-16',16,'zoran.stefanovic367',20),('2016-05-24',23,'anamarija.stojanovic220',71),('2016-05-24',23,'andrija.popovic589',80),('2016-05-24',23,'andrija.popovic88',33),('2016-05-24',23,'andrija.saric634',52),('2016-05-24',23,'dragana.popovic758',26),('2016-05-24',23,'dragana.stojadinovic96',1),('2016-05-24',23,'ivana.markovic554',56),('2016-05-24',23,'ivana.zoric607',26),('2016-05-24',23,'marija.stankovic384',70),('2016-05-24',23,'marija.stefanovic414',72),('2016-05-24',23,'marija.stojadinovic583',25),('2016-05-24',23,'marko.maric998',65),('2016-05-24',23,'marko.stojanovic267',25),('2016-05-24',23,'milica.popovic799',62),('2016-05-24',23,'miodrag.zoric97',65),('2016-05-24',23,'mirko.markovic572',37),('2016-05-24',23,'mirko.markovic962',23),('2016-05-24',23,'mirko.stojanovic280',3),('2016-05-24',23,'miroslav.maric51',39),('2016-05-24',23,'miroslav.mitic787',3),('2016-05-24',23,'miroslav.popov462',6),('2016-05-24',23,'miroslav.todorovic809',85),('2016-05-24',23,'miroslav.zoric666',0),('2016-05-24',23,'nemanja.saric316',84),('2016-05-24',23,'nemanja.stankovic543',36),('2016-05-24',23,'nemanja.stanojevic791',34),('2016-05-24',23,'nemanja.stojadinovic196',22),('2016-05-24',23,'nemanja.stojanovic226',31),('2016-05-24',23,'petar.popov314',73),('2016-05-24',23,'petar.popov645',66),('2016-05-24',23,'sandra.mitic446',19),('2016-05-24',23,'tanja.kovacevic396',63),('2016-05-24',23,'teodora.ristic386',68),('2016-05-24',23,'teodora.stefanovic430',61),('2016-05-24',23,'teodora.todorovic205',69),('2016-05-24',23,'teodora.todorovic467',65),('2016-05-24',23,'una.ristic542',71),('2016-05-24',23,'una.stankovic361',91),('2016-05-24',23,'una.stojanovic588',40),('2016-05-24',23,'vladimir.kovacevic155',95),('2016-05-24',23,'vladimir.popov18',10),('2016-05-24',23,'zoran.markovic645',9),('2016-05-24',23,'zoran.popov783',34),('2016-05-24',23,'zoran.stefanovic367',6),('2016-05-29',17,'anamarija.maric146',96),('2016-05-29',17,'anamarija.radonjic930',94),('2016-05-29',17,'andrija.popovic88',7),('2016-05-29',17,'andrija.saric714',52),('2016-05-29',17,'dragan.markovic900',52),('2016-05-29',17,'dragan.saric679',4),('2016-05-29',17,'dragana.petrovic249',16),('2016-05-29',17,'dragana.popovic758',99),('2016-05-29',17,'dragana.stefanovic182',89),('2016-05-29',17,'ivana.todorovic739',58),('2016-05-29',17,'marija.stankovic3',96),('2016-05-29',17,'marija.zoric171',66),('2016-05-29',17,'marko.popovic983',49),('2016-05-29',17,'marko.radonjic896',52),('2016-05-29',17,'marko.stojadinovic733',61),('2016-05-29',17,'milica.popovic799',52),('2016-05-29',17,'milica.radonjic717',63),('2016-05-29',17,'milos.stojanovic930',30),('2016-05-29',17,'milos.zoric54',91),('2016-05-29',17,'miodrag.mitic200',62),('2016-05-29',17,'miodrag.ristic28',32),('2016-05-29',17,'miroslav.ristic150',27),('2016-05-29',17,'miroslav.todorovic853',23),('2016-05-29',17,'nemanja.ristic443',10),('2016-05-29',17,'nemanja.stojanovic488',66),('2016-05-29',17,'petar.radonjic835',75),('2016-05-29',17,'sandra.mitic446',13),('2016-05-29',17,'tanja.petrovic87',71),('2016-05-29',17,'tanja.stanojevic47',19),('2016-05-29',17,'tanja.stefanovic829',64),('2016-05-29',17,'teodora.saric587',37),('2016-05-29',17,'teodora.stefanovic430',68),('2016-05-29',17,'una.popovic100',55),('2016-05-29',17,'una.ristic128',99),('2016-05-29',17,'una.zoric330',99),('2016-05-29',17,'veljko.kovacevic86',79),('2016-05-29',17,'vladimir.kovacevic359',97),('2016-05-29',17,'vladimir.todorovic574',42),('2016-06-08',18,'milos.mitic588',6),('2016-06-08',18,'mirko.markovic20',9),('2016-06-08',18,'sandra.stojadinovic655',40),('2016-06-08',18,'veljko.ristic429',46),('2016-06-09',8,'milica.popovic757',86),('2016-06-09',8,'miodrag.maric645',48),('2016-06-09',8,'tanja.petrovic492',69),('2016-06-09',8,'vladimir.todorovic574',68),('2016-06-09',8,'zoran.stankovic403',98),('2016-06-22',2,'anamarija.popov557',83),('2016-06-22',2,'anamarija.popovic697',4),('2016-06-22',2,'andrija.popovic876',97),('2016-06-22',2,'dragan.saric679',76),('2016-06-22',2,'dragana.stanojevic641',1),('2016-06-22',2,'ivana.stanojevic720',10),('2016-06-22',2,'marija.saric165',49),('2016-06-22',2,'marija.stojadinovic583',5),('2016-06-22',2,'marko.stojadinovic733',0),('2016-06-22',2,'marko.stojanovic608',48),('2016-06-22',2,'milos.kovacevic926',16),('2016-06-22',2,'miodrag.markovic834',94),('2016-06-22',2,'miodrag.petrovic767',37),('2016-06-22',2,'mirko.markovic20',61),('2016-06-22',2,'nemanja.kovacevic57',85),('2016-06-22',2,'petar.popov2',20),('2016-06-22',2,'sandra.saric25',52),('2016-06-22',2,'una.stankovic361',39),('2016-06-22',2,'veljko.popovic3',24),('2016-06-22',2,'vladimir.petrovic782',43),('2016-06-22',2,'zoran.markovic645',34),('2016-06-22',2,'zoran.popov783',7),('2016-06-22',2,'zoran.saric474',2),('2016-07-08',3,'anamarija.petrovic800',61),('2016-07-08',3,'andrija.popovic876',73),('2016-07-08',3,'dragan.mitic334',31),('2016-07-08',3,'marija.stojadinovic583',77),('2016-07-08',3,'marija.stojadinovic707',55),('2016-07-08',3,'marko.maric671',40),('2016-07-08',3,'milica.stefanovic298',47),('2016-07-08',3,'mirko.markovic30',35),('2016-07-08',3,'miroslav.maric51',66),('2016-07-08',3,'nemanja.ristic443',10),('2016-07-08',3,'nemanja.stojanovic488',48),('2016-07-08',3,'petar.todorovic363',74),('2016-07-08',3,'sandra.stefanovic572',65),('2016-07-08',3,'tanja.maric577',60),('2016-07-08',3,'tanja.radonjic337',79),('2016-07-08',3,'tanja.stojadinovic855',18),('2016-07-08',3,'teodora.stankovic255',66),('2016-07-08',3,'vladimir.kovacevic359',46),('2016-07-08',3,'zoran.petrovic135',65),('2016-07-10',14,'andrija.markovic412',44),('2016-07-10',14,'dragana.saric20',32),('2016-07-10',14,'dragana.stefanovic379',100),('2016-07-10',14,'ivana.petrovic740',29),('2016-07-10',14,'ivana.popovic74',46),('2016-07-10',14,'marija.stankovic523',39),('2016-07-10',14,'marko.maric998',10),('2016-07-10',14,'marko.stojanovic267',98),('2016-07-10',14,'milica.radonjic946',81),('2016-07-10',14,'miodrag.markovic539',99),('2016-07-10',14,'miodrag.mitic898',16),('2016-07-10',14,'miodrag.popov792',25),('2016-07-10',14,'mirko.markovic962',22),('2016-07-10',14,'mirko.ristic942',33),('2016-07-10',14,'mirko.todorovic444',50),('2016-07-10',14,'miroslav.ristic277',52),('2016-07-10',14,'miroslav.todorovic853',62),('2016-07-10',14,'nemanja.kovacevic238',48),('2016-07-10',14,'nemanja.stojanovic488',98),('2016-07-10',14,'nemanja.zoric108',21),('2016-07-10',14,'petar.popov2',8),('2016-07-10',14,'petar.radonjic499',60),('2016-07-10',14,'petar.radonjic835',26),('2016-07-10',14,'sandra.kovacevic657',85),('2016-07-10',14,'sandra.mitic742',44),('2016-07-10',14,'sandra.stefanovic572',9),('2016-07-10',14,'tanja.popov160',59),('2016-07-10',14,'tanja.stojadinovic855',82),('2016-07-10',14,'teodora.popov355',43),('2016-07-10',14,'teodora.stankovic255',84),('2016-07-10',14,'teodora.stankovic429',94),('2016-07-10',14,'una.popovic100',54),('2016-07-10',14,'una.ristic135',74),('2016-07-10',14,'una.ristic542',96),('2016-07-10',14,'una.ristic842',59),('2016-07-10',14,'veljko.popovic706',68),('2016-07-10',14,'vladimir.kovacevic875',26),('2016-07-10',14,'vladimir.markovic943',33),('2016-07-10',14,'vladimir.stankovic226',36),('2016-07-10',14,'vladimir.stojadinovic315',47),('2016-07-10',14,'zoran.stefanovic106',30),('2016-07-31',11,'petar.ristic757',43),('2016-07-31',11,'veljko.ristic429',37),('2016-07-31',11,'vladimir.mitic423',48),('2016-08-08',20,'andrija.stefanovic481',22),('2016-08-08',20,'ivana.markovic554',11),('2016-08-08',20,'vladimir.radonjic126',51),('2016-08-24',8,'anamarija.stankovic632',85),('2016-08-24',8,'andrija.stefanovic481',95),('2016-08-24',8,'milos.petrovic445',5),('2016-08-24',8,'miroslav.stanojevic704',70),('2016-08-24',8,'petar.petrovic515',69),('2016-08-25',27,'anamarija.maric825',73),('2016-08-25',27,'anamarija.stojadinovic85',0),('2016-08-25',27,'ivana.zoric125',61),('2016-08-25',27,'marija.popovic805',13),('2016-08-25',27,'marija.stanojevic417',65),('2016-08-25',27,'marija.stefanovic414',62),('2016-08-25',27,'marija.stojadinovic583',71),('2016-08-25',27,'milos.stankovic108',1),('2016-08-25',27,'mirko.markovic30',31),('2016-08-25',27,'petar.petrovic515',23),('2016-08-25',27,'petar.popov645',18),('2016-08-25',27,'petar.radonjic499',90),('2016-08-25',27,'petar.todorovic363',64),('2016-08-25',27,'petar.zoric246',74),('2016-08-25',27,'vladimir.ristic112',80),('2016-09-11',17,'anamarija.petrovic500',25),('2016-09-11',17,'anamarija.popov557',32),('2016-09-11',17,'anamarija.popovic697',50),('2016-09-11',17,'anamarija.zoric779',75),('2016-09-11',17,'andrija.popovic876',94),('2016-09-11',17,'dragan.mitic334',54),('2016-09-11',17,'ivana.stankovic444',100),('2016-09-11',17,'ivana.stefanovic867',46),('2016-09-11',17,'ivana.todorovic739',90),('2016-09-11',17,'ivana.zoric125',82),('2016-09-11',17,'marija.popov192',97),('2016-09-11',17,'marija.stankovic3',79),('2016-09-11',17,'marija.stefanovic414',36),('2016-09-11',17,'marija.zoric171',61),('2016-09-11',17,'marko.kovacevic169',35),('2016-09-11',17,'milica.popov374',92),('2016-09-11',17,'milica.popovic258',66),('2016-09-11',17,'milica.popovic799',22),('2016-09-11',17,'milos.maric396',51),('2016-09-11',17,'milos.zoric5',49),('2016-09-11',17,'miodrag.markovic834',85),('2016-09-11',17,'miodrag.mitic132',6),('2016-09-11',17,'miodrag.popovic465',97),('2016-09-11',17,'miodrag.stefanovic789',84),('2016-09-11',17,'miodrag.zoric968',7),('2016-09-11',17,'miodrag.zoric97',93),('2016-09-11',17,'miroslav.petrovic680',97),('2016-09-11',17,'miroslav.stanojevic704',53),('2016-09-11',17,'miroslav.zoric463',18),('2016-09-11',17,'nemanja.maric233',54),('2016-09-11',17,'nemanja.popovic822',53),('2016-09-11',17,'nemanja.ristic361',39),('2016-09-11',17,'petar.popov314',43),('2016-09-11',17,'sandra.mitic644',70),('2016-09-11',17,'sandra.saric25',75),('2016-09-11',17,'tanja.maric577',21),('2016-09-11',17,'teodora.todorovic205',11),('2016-09-11',17,'una.markovic723',8),('2016-09-11',17,'una.ristic819',59),('2016-09-11',17,'zoran.saric474',16),('2016-09-11',17,'zoran.stankovic403',27),('2016-09-18',14,'anamarija.stankovic362',14),('2016-10-03',25,'andrija.kovacevic727',67),('2016-10-03',25,'ivana.stanojevic720',17),('2016-10-03',25,'marko.stojanovic608',83),('2016-10-03',25,'milos.saric542',93),('2016-10-03',25,'miodrag.maric645',97),('2016-10-03',25,'miodrag.mitic898',34),('2016-10-03',25,'miodrag.stefanovic789',42),('2016-10-03',25,'miodrag.todorovic311',12),('2016-10-03',25,'mirko.kovacevic216',69),('2016-10-03',25,'miroslav.popovic971',68),('2016-10-03',25,'nemanja.ristic361',43),('2016-10-03',25,'sandra.stanojevic698',21),('2016-10-03',25,'una.ristic135',84),('2016-10-05',12,'anamarija.stojadinovic85',59),('2016-10-05',12,'anamarija.stojanovic220',49),('2016-10-05',12,'andrija.popovic876',95),('2016-10-05',12,'dragan.mitic334',92),('2016-10-05',12,'dragan.saric679',10),('2016-10-05',12,'dragana.saric314',6),('2016-10-05',12,'dragana.stanojevic641',81),('2016-10-05',12,'dragana.stefanovic182',22),('2016-10-05',12,'ivana.stankovic209',57),('2016-10-05',12,'ivana.stanojevic720',6),('2016-10-05',12,'ivana.stefanovic96',74),('2016-10-05',12,'ivana.zoric125',76),('2016-10-05',12,'ivana.zoric223',20),('2016-10-05',12,'marija.petrovic638',25),('2016-10-05',12,'marija.stankovic384',83),('2016-10-05',12,'marija.stankovic523',79),('2016-10-05',12,'marija.stefanovic414',27),('2016-10-05',12,'marko.kovacevic169',10),('2016-10-05',12,'milica.stefanovic298',72),('2016-10-05',12,'milos.mitic588',37),('2016-10-05',12,'milos.zoric5',57),('2016-10-05',12,'miodrag.markovic834',42),('2016-10-05',12,'mirko.ristic942',89),('2016-10-05',12,'mirko.saric393',98),('2016-10-05',12,'miroslav.maric51',91),('2016-10-05',12,'nemanja.ristic443',91),('2016-10-05',12,'nemanja.stankovic543',39),('2016-10-05',12,'petar.radonjic835',61),('2016-10-05',12,'sandra.kovacevic657',34),('2016-10-05',12,'sandra.popovic474',39),('2016-10-05',12,'tanja.kovacevic396',74),('2016-10-05',12,'tanja.popov160',62),('2016-10-05',12,'teodora.popov355',80),('2016-10-05',12,'teodora.stanojevic796',2),('2016-10-05',12,'teodora.todorovic205',59),('2016-10-05',12,'veljko.stankovic241',72),('2016-10-05',12,'vladimir.kovacevic359',24),('2016-10-05',12,'vladimir.mitic276',15),('2016-10-05',12,'vladimir.mitic423',79),('2016-10-05',12,'vladimir.todorovic574',88),('2016-10-05',12,'vladimir.todorovic602',17),('2016-10-05',12,'zoran.stefanovic106',56),('2016-10-05',12,'zoran.stefanovic983',47),('2016-10-05',12,'zoran.zoric567',27),('2016-10-14',1,'anamarija.maric146',13),('2016-10-14',1,'andrija.kovacevic727',34),('2016-10-14',1,'andrija.mitic794',92),('2016-10-14',1,'dragan.popov479',21),('2016-10-14',1,'dragana.popov214',97),('2016-10-14',1,'dragana.popovic758',89),('2016-10-14',1,'marija.popovic472',34),('2016-10-14',1,'marija.stankovic523',92),('2016-10-14',1,'marko.stojanovic608',54),('2016-10-14',1,'mirko.zoric494',99),('2016-10-14',1,'miroslav.ristic150',51),('2016-10-14',1,'miroslav.todorovic859',65),('2016-10-14',1,'veljko.stankovic241',44),('2016-10-14',1,'veljko.zoric959',86),('2016-10-15',11,'anamarija.popovic697',29),('2016-10-15',11,'andrija.kovacevic727',61),('2016-10-15',11,'andrija.saric714',7),('2016-10-15',11,'dragana.markovic566',48),('2016-10-15',11,'dragana.popovic758',59),('2016-10-15',11,'dragana.radonjic349',33),('2016-10-15',11,'dragana.stefanovic182',36),('2016-10-15',11,'ivana.petrovic740',63),('2016-10-15',11,'ivana.stefanovic96',13),('2016-10-15',11,'marija.stankovic3',56),('2016-10-15',11,'marija.stanojevic195',99),('2016-10-15',11,'marija.stojadinovic903',28),('2016-10-15',11,'marija.stojanovic127',66),('2016-10-15',11,'milica.popovic258',72),('2016-10-15',11,'milos.zoric5',65),('2016-10-15',11,'miodrag.maric645',11),('2016-10-15',11,'miodrag.petrovic767',40),('2016-10-15',11,'mirko.maric875',25),('2016-10-15',11,'mirko.markovic572',21),('2016-10-15',11,'mirko.ristic942',97),('2016-10-15',11,'mirko.todorovic272',47),('2016-10-15',11,'miroslav.ristic277',100),('2016-10-15',11,'miroslav.todorovic853',39),('2016-10-15',11,'nemanja.zoric108',33),('2016-10-15',11,'petar.kovacevic649',89),('2016-10-15',11,'sandra.kovacevic657',11),('2016-10-15',11,'sandra.mitic446',57),('2016-10-15',11,'sandra.mitic644',40),('2016-10-15',11,'tanja.markovic89',69),('2016-10-15',11,'tanja.popov160',82),('2016-10-15',11,'tanja.stankovic995',8),('2016-10-15',11,'tanja.stanojevic47',46),('2016-10-15',11,'tanja.stefanovic829',25),('2016-10-15',11,'teodora.markovic160',15),('2016-10-15',11,'una.markovic723',60),('2016-10-15',11,'una.ristic819',52),('2016-10-15',11,'una.stefanovic631',23),('2016-10-15',11,'una.zoric146',57),('2016-10-15',11,'veljko.kovacevic86',29),('2016-10-15',11,'veljko.ristic429',72),('2016-10-15',11,'vladimir.mitic276',81),('2016-10-24',16,'anamarija.petrovic800',16),('2016-10-24',16,'andrija.popovic876',85),('2016-10-24',16,'ivana.petrovic740',57),('2016-10-24',16,'ivana.stanojevic720',64),('2016-10-24',16,'marija.petrovic638',8),('2016-10-24',16,'marija.popovic472',88),('2016-10-24',16,'marija.saric407',38),('2016-10-24',16,'marija.stefanovic414',42),('2016-10-24',16,'marko.radonjic896',9),('2016-10-24',16,'marko.stojadinovic733',43),('2016-10-24',16,'milica.stojadinovic307',54),('2016-10-24',16,'milos.mitic588',10),('2016-10-24',16,'milos.zoric5',99),('2016-10-24',16,'miodrag.markovic834',69),('2016-10-24',16,'miodrag.stefanovic789',11),('2016-10-24',16,'mirko.maric875',11),('2016-10-24',16,'mirko.markovic30',71),('2016-10-24',16,'miroslav.stanojevic704',98),('2016-10-24',16,'sandra.mitic446',88),('2016-10-24',16,'tanja.kovacevic396',46),('2016-10-24',16,'tanja.maric577',11),('2016-10-24',16,'teodora.stanojevic796',44),('2016-10-24',16,'una.zoric330',89),('2016-10-24',16,'veljko.zoric959',31),('2016-10-24',16,'vladimir.kovacevic359',93),('2016-10-24',16,'zoran.maric718',5),('2016-10-29',9,'petar.kovacevic872',98),('2016-10-29',9,'zoran.maric718',59),('2016-10-29',9,'zoran.stankovic403',19),('2016-10-30',15,'miroslav.petrovic805',46),('2016-10-30',15,'miroslav.popovic971',22),('2016-10-30',15,'miroslav.todorovic809',34),('2016-10-30',15,'nemanja.radonjic350',22),('2016-10-30',15,'una.stojanovic588',71),('2016-10-30',15,'zoran.popov783',81),('2016-11-07',23,'milos.saric593',30),('2016-11-07',23,'miroslav.radonjic778',15),('2016-11-07',23,'miroslav.saric374',17),('2016-11-07',23,'petar.kovacevic649',32),('2016-11-07',23,'tanja.stefanovic829',50),('2016-11-23',2,'anamarija.popov557',45),('2016-11-23',2,'ivana.stankovic444',22),('2016-11-23',2,'milica.zoric474',99),('2016-11-23',2,'miodrag.todorovic311',56),('2016-11-23',2,'mirko.todorovic444',57),('2016-11-23',2,'nemanja.popov81',28),('2016-11-23',2,'teodora.popov355',44),('2016-11-23',2,'una.stojanovic375',76);